ID,"PAX Type",Airport,Year,Month,Passengers,IATA,ICAO,"Airport Type"
2953,"INTERNATIONAL PASSENGERS",VIJAYAWADA,2018,January,0,,,AUTO-ADDED
2954,"INTERNATIONAL PASSENGERS",TIRUPATI,2018,January,0,,,AUTO-ADDED
2955,"INTERNATIONAL PASSENGERS",BANGALORE,2018,January,352567,BLR,VOBL,"6 JV INTERNATIONAL AIRPORTS"
2956,"INTERNATIONAL PASSENGERS",HYDERABAD,2018,January,346149,HYD,VOHS,"6 JV INTERNATIONAL AIRPORTS"
2957,"INTERNATIONAL PASSENGERS",COCHIN,2018,January,485479,COK,VOCI,"6 JV INTERNATIONAL AIRPORTS"
2958,"INTERNATIONAL PASSENGERS",NAGPUR,2018,January,9601,NAG,VANP,"6 JV INTERNATIONAL AIRPORTS"
2959,"INTERNATIONAL PASSENGERS",PUNE,2018,January,21420,,,AUTO-ADDED
2960,"INTERNATIONAL PASSENGERS",VISAKHAPATNAM,2018,January,14351,,,AUTO-ADDED
2961,"INTERNATIONAL PASSENGERS",PATNA,2018,January,0,,,AUTO-ADDED
2962,"INTERNATIONAL PASSENGERS",CHANDIGARH,2018,January,17812,IXC,VICG,"8 CUSTOM AIRPORTS"
2963,"INTERNATIONAL PASSENGERS",BAGDOGRA,2018,January,1816,,,AUTO-ADDED
2964,"INTERNATIONAL PASSENGERS",MADURAI,2018,January,28559,,,AUTO-ADDED
2965,"DOMESTIC PASSENGERS",VIJAYAWADA,2018,January,64528,,,AUTO-ADDED
2966,"DOMESTIC PASSENGERS",TIRUPATI,2018,January,53826,,,AUTO-ADDED
2967,"DOMESTIC PASSENGERS",BANGALORE,2018,January,2202335,BLR,VOBL,"6 JV INTERNATIONAL AIRPORTS"
2968,"DOMESTIC PASSENGERS",HYDERABAD,2018,January,1403049,HYD,VOHS,"6 JV INTERNATIONAL AIRPORTS"
2969,"DOMESTIC PASSENGERS",COCHIN,2018,January,503516,COK,VOCI,"6 JV INTERNATIONAL AIRPORTS"
2970,"DOMESTIC PASSENGERS",NAGPUR,2018,January,201769,NAG,VANP,"6 JV INTERNATIONAL AIRPORTS"
2971,"DOMESTIC PASSENGERS",PUNE,2018,January,706234,,,AUTO-ADDED
2972,"DOMESTIC PASSENGERS",VISAKHAPATNAM,2018,January,212554,,,AUTO-ADDED
2973,"DOMESTIC PASSENGERS",PATNA,2018,January,236756,,,AUTO-ADDED
2974,"DOMESTIC PASSENGERS",CHANDIGARH,2018,January,132535,IXC,VICG,"8 CUSTOM AIRPORTS"
2975,"DOMESTIC PASSENGERS",BAGDOGRA,2018,January,198923,,,AUTO-ADDED
2976,"DOMESTIC PASSENGERS",MADURAI,2018,January,115407,,,AUTO-ADDED
2977,"DOMESTIC PASSENGERS",INDORE,2018,January,200975,,,AUTO-ADDED
2978,"DOMESTIC PASSENGERS",RAIPUR,2018,January,155911,,,AUTO-ADDED
2979,"DOMESTIC PASSENGERS",AGARTALA,2018,January,129328,,,AUTO-ADDED
2980,"DOMESTIC PASSENGERS",JAMMU,2018,January,131116,,,AUTO-ADDED
2981,"DOMESTIC PASSENGERS",VADODARA,2018,January,93590,,,AUTO-ADDED
2982,"DOMESTIC PASSENGERS",UDAIPUR,2018,January,121019,,,AUTO-ADDED
2983,"DOMESTIC PASSENGERS",RANCHI,2018,January,176907,,,AUTO-ADDED
2984,"DOMESTIC PASSENGERS",DEHRADUN,2018,January,98171,,,AUTO-ADDED
2985,"DOMESTIC PASSENGERS",BHOPAL,2018,January,66447,,,AUTO-ADDED
2986,"DOMESTIC PASSENGERS",LEH,2018,January,37816,,,AUTO-ADDED
2987,"DOMESTIC PASSENGERS",RAJKOT,2018,January,34863,,,AUTO-ADDED
2988,"DOMESTIC PASSENGERS",JODHPUR,2018,January,48137,,,AUTO-ADDED
2989,"DOMESTIC PASSENGERS",DIBRUGARH,2018,January,29583,,,AUTO-ADDED
2990,"DOMESTIC PASSENGERS",RAJAHMUNDRY,2018,January,27186,,,AUTO-ADDED
2991,"DOMESTIC PASSENGERS",SILCHAR,2018,January,37127,,,AUTO-ADDED
2992,"DOMESTIC PASSENGERS",SURAT,2018,January,60804,,,AUTO-ADDED
2993,"DOMESTIC PASSENGERS",BHUJ,2018,January,18122,,,AUTO-ADDED
2994,"DOMESTIC PASSENGERS",JUHU,2018,January,13390,,,AUTO-ADDED
2995,"DOMESTIC PASSENGERS",JABALPUR,2018,January,19708,,,AUTO-ADDED
2996,"DOMESTIC PASSENGERS",DIMAPUR,2018,January,17006,,,AUTO-ADDED
2997,"DOMESTIC PASSENGERS",GUGGAL,2018,January,8630,,,AUTO-ADDED
2998,"DOMESTIC PASSENGERS",TUTICORIN,2018,January,7780,,,AUTO-ADDED
2999,"DOMESTIC PASSENGERS",BELGAUM,2018,January,17363,,,AUTO-ADDED
3000,"DOMESTIC PASSENGERS",JAMNAGAR,2018,January,6801,,,AUTO-ADDED
3001,"DOMESTIC PASSENGERS",KHAJURAHO,2018,January,7720,,,AUTO-ADDED
3002,"DOMESTIC PASSENGERS",JORHAT,2018,January,6743,,,AUTO-ADDED
3003,"DOMESTIC PASSENGERS",GORAKHPUR,2018,January,0,,,AUTO-ADDED
3004,"DOMESTIC PASSENGERS",ALLAHABAD,2018,January,3644,,,AUTO-ADDED
3005,"DOMESTIC PASSENGERS",AGATTI,2018,January,4001,,,AUTO-ADDED
3006,"DOMESTIC PASSENGERS",HUBLI,2018,January,7400,,,AUTO-ADDED
3007,"DOMESTIC PASSENGERS",BHUNTAR,2018,January,1834,,,AUTO-ADDED
3008,"DOMESTIC PASSENGERS",BHAVNAGAR,2018,January,3449,,,AUTO-ADDED
3009,"DOMESTIC PASSENGERS",DIU,2018,January,1980,,,AUTO-ADDED
3010,"DOMESTIC PASSENGERS",GWALIOR,2018,January,2441,,,AUTO-ADDED
3011,"DOMESTIC PASSENGERS",BARAPANI,2018,January,651,,,AUTO-ADDED
3012,"DOMESTIC PASSENGERS",PANTNAGAR,2018,January,366,,,AUTO-ADDED
3013,"DOMESTIC PASSENGERS",LAKHIMPUR,2018,January,1077,,,AUTO-ADDED
3014,"DOMESTIC PASSENGERS",AGRA,2018,January,2089,,,AUTO-ADDED
3015,"DOMESTIC PASSENGERS",TEZPUR,2018,January,748,,,AUTO-ADDED
3016,"DOMESTIC PASSENGERS",BHATINDA,2018,January,1017,,,AUTO-ADDED
3017,"DOMESTIC PASSENGERS",PORBANDAR,2018,January,5051,,,AUTO-ADDED
3018,"DOMESTIC PASSENGERS",KANPUR,2018,January,0,,,AUTO-ADDED
3019,"DOMESTIC PASSENGERS",CUDDAPAH,2018,January,4927,,,AUTO-ADDED
3020,"DOMESTIC PASSENGERS",BIKANER,2018,January,3594,,,AUTO-ADDED
3021,"DOMESTIC PASSENGERS",JAISALMER,2018,January,8345,,,AUTO-ADDED
3022,"DOMESTIC PASSENGERS",LUDHIANA,2018,January,1013,,,AUTO-ADDED
3023,"DOMESTIC PASSENGERS",KOLHAPUR,2018,January,0,,,AUTO-ADDED
3024,"DOMESTIC PASSENGERS",SHIMLA,2018,January,1040,,,AUTO-ADDED
3025,"DOMESTIC PASSENGERS",LENGPUI,2018,January,23702,,,AUTO-ADDED
3026,"DOMESTIC PASSENGERS",DURGAPUR,2018,January,0,,,AUTO-ADDED
3027,"DOMESTIC PASSENGERS",NANDED,2018,January,8738,,,AUTO-ADDED
3028,"DOMESTIC PASSENGERS",MUNDRA,2018,January,0,,,AUTO-ADDED
749,"INTERNATIONAL PASSENGERS",CHENNAI,2018,January,516797,MAA,VOMM,"18 INTERNATIONAL AIRPORTS"
750,"INTERNATIONAL PASSENGERS",KOLKATA,2018,January,234308,CCU,VECC,"18 INTERNATIONAL AIRPORTS"
751,"INTERNATIONAL PASSENGERS",AHMEDABAD,2018,January,180354,AMD,VAAH,"18 INTERNATIONAL AIRPORTS"
752,"INTERNATIONAL PASSENGERS",GOA,2018,January,138531,GOI,VOGO,"18 INTERNATIONAL AIRPORTS"
753,"INTERNATIONAL PASSENGERS",LUCKNOW,2018,January,66379,LKO,VILK,"18 INTERNATIONAL AIRPORTS"
754,"INTERNATIONAL PASSENGERS",TRIVANDRUM,2018,January,224957,TRV,VOTV,"18 INTERNATIONAL AIRPORTS"
755,"INTERNATIONAL PASSENGERS",GUWAHATI,2018,January,1537,GAU,VEGT,"18 INTERNATIONAL AIRPORTS"
756,"INTERNATIONAL PASSENGERS",JAIPUR,2018,January,48224,JAI,VIJP,"18 INTERNATIONAL AIRPORTS"
757,"INTERNATIONAL PASSENGERS",CALICUT,2018,January,230557,CCJ,VOCL,"18 INTERNATIONAL AIRPORTS"
758,"INTERNATIONAL PASSENGERS",BHUBANESWAR,2018,January,8955,BBI,VEBS,"18 INTERNATIONAL AIRPORTS"
759,"INTERNATIONAL PASSENGERS",COIMBATORE,2018,January,24227,CJB,VOCB,"18 INTERNATIONAL AIRPORTS"
760,"INTERNATIONAL PASSENGERS",SRINAGAR,2018,January,0,SXR,VISR,"18 INTERNATIONAL AIRPORTS"
761,"INTERNATIONAL PASSENGERS",VARANASI,2018,January,12797,VNS,VIBN,"18 INTERNATIONAL AIRPORTS"
762,"INTERNATIONAL PASSENGERS",MANGALORE,2018,January,67194,IXE,VOML,"18 INTERNATIONAL AIRPORTS"
763,"INTERNATIONAL PASSENGERS",AMRITSAR,2018,January,59256,ATQ,VIAR,"18 INTERNATIONAL AIRPORTS"
764,"INTERNATIONAL PASSENGERS",TRICHY,2018,January,131651,TRZ,VOTR,"18 INTERNATIONAL AIRPORTS"
765,"INTERNATIONAL PASSENGERS",PORTBLAIR,2018,January,0,IXZ,VOPB,"18 INTERNATIONAL AIRPORTS"
766,"INTERNATIONAL PASSENGERS",IMPHAL,2018,January,0,IMF,VEIM,"18 INTERNATIONAL AIRPORTS"
767,"INTERNATIONAL PASSENGERS","DELHI (DIAL)",2018,January,1611647,DEL,VIDP,"6 JV INTERNATIONAL AIRPORTS"
768,"INTERNATIONAL PASSENGERS","MUMBAI (MIAL)",2018,January,1271001,BOM,VABB,"6 JV INTERNATIONAL AIRPORTS"
769,"INTERNATIONAL PASSENGERS",AURANGABAD,2018,January,0,IXU,VAAU,"8 CUSTOM AIRPORTS"
770,"INTERNATIONAL PASSENGERS",GAYA,2018,January,17996,GAY,VEGY,"8 CUSTOM AIRPORTS"
771,"DOMESTIC PASSENGERS",CHENNAI,2018,January,1381653,MAA,VOMM,"18 INTERNATIONAL AIRPORTS"
772,"DOMESTIC PASSENGERS",KOLKATA,2018,January,1613646,CCU,VECC,"18 INTERNATIONAL AIRPORTS"
773,"DOMESTIC PASSENGERS",AHMEDABAD,2018,January,715862,AMD,VAAH,"18 INTERNATIONAL AIRPORTS"
774,"DOMESTIC PASSENGERS",GOA,2018,January,639048,GOI,VOGO,"18 INTERNATIONAL AIRPORTS"
775,"DOMESTIC PASSENGERS",LUCKNOW,2018,January,401778,LKO,VILK,"18 INTERNATIONAL AIRPORTS"
776,"DOMESTIC PASSENGERS",TRIVANDRUM,2018,January,182924,TRV,VOTV,"18 INTERNATIONAL AIRPORTS"
777,"DOMESTIC PASSENGERS",GUWAHATI,2018,January,398969,GAU,VEGT,"18 INTERNATIONAL AIRPORTS"
778,"DOMESTIC PASSENGERS",JAIPUR,2018,January,415045,JAI,VIJP,"18 INTERNATIONAL AIRPORTS"
779,"DOMESTIC PASSENGERS",CALICUT,2018,January,43724,CCJ,VOCL,"18 INTERNATIONAL AIRPORTS"
780,"DOMESTIC PASSENGERS",BHUBANESWAR,2018,January,327750,BBI,VEBS,"18 INTERNATIONAL AIRPORTS"
781,"DOMESTIC PASSENGERS",COIMBATORE,2018,January,191854,CJB,VOCB,"18 INTERNATIONAL AIRPORTS"
782,"DOMESTIC PASSENGERS",SRINAGAR,2018,January,202350,SXR,VISR,"18 INTERNATIONAL AIRPORTS"
783,"DOMESTIC PASSENGERS",VARANASI,2018,January,183631,VNS,VIBN,"18 INTERNATIONAL AIRPORTS"
784,"DOMESTIC PASSENGERS",MANGALORE,2018,January,145531,IXE,VOML,"18 INTERNATIONAL AIRPORTS"
785,"DOMESTIC PASSENGERS",AMRITSAR,2018,January,164297,ATQ,VIAR,"18 INTERNATIONAL AIRPORTS"
786,"DOMESTIC PASSENGERS",TRICHY,2018,January,14243,TRZ,VOTR,"18 INTERNATIONAL AIRPORTS"
787,"DOMESTIC PASSENGERS",PORTBLAIR,2018,January,185688,IXZ,VOPB,"18 INTERNATIONAL AIRPORTS"
788,"DOMESTIC PASSENGERS",IMPHAL,2018,January,85521,IMF,VEIM,"18 INTERNATIONAL AIRPORTS"
789,"DOMESTIC PASSENGERS","DELHI (DIAL)",2018,January,4238135,DEL,VIDP,"6 JV INTERNATIONAL AIRPORTS"
790,"DOMESTIC PASSENGERS","MUMBAI (MIAL)",2018,January,3129079,BOM,VABB,"6 JV INTERNATIONAL AIRPORTS"
791,"DOMESTIC PASSENGERS",AURANGABAD,2018,January,31256,IXU,VAAU,"8 CUSTOM AIRPORTS"
792,"DOMESTIC PASSENGERS",GAYA,2018,January,6906,GAY,VEGY,"8 CUSTOM AIRPORTS"
2629,"INTERNATIONAL PASSENGERS","(D) 48 DOMESTIC AIRPORTS",2017,September,5784,,,AUTO-ADDED
2630,"INTERNATIONAL PASSENGERS","(E) STATE GOVT. / PVT AIRPORTS",2017,September,0,,,AUTO-ADDED
2631,"INTERNATIONAL PASSENGERS","(F) OTHER AIRPORTS",2017,September,0,,,AUTO-ADDED
2447,"DOMESTIC PASSENGERS","OTHER AIRPORTS",2017,September,9804,,,AUTO-ADDED
265,"INTERNATIONAL PASSENGERS",CHENNAI,2017,September,436463,MAA,VOMM,"18 INTERNATIONAL AIRPORTS"
266,"INTERNATIONAL PASSENGERS",KOLKATA,2017,September,211056,CCU,VECC,"18 INTERNATIONAL AIRPORTS"
267,"INTERNATIONAL PASSENGERS",AHMEDABAD,2017,September,166655,AMD,VAAH,"18 INTERNATIONAL AIRPORTS"
268,"INTERNATIONAL PASSENGERS",GOA,2017,September,23413,GOI,VOGO,"18 INTERNATIONAL AIRPORTS"
269,"INTERNATIONAL PASSENGERS",LUCKNOW,2017,September,68598,LKO,VILK,"18 INTERNATIONAL AIRPORTS"
270,"INTERNATIONAL PASSENGERS",TRIVANDRUM,2017,September,199362,TRV,VOTV,"18 INTERNATIONAL AIRPORTS"
271,"INTERNATIONAL PASSENGERS",GUWAHATI,2017,September,5873,GAU,VEGT,"18 INTERNATIONAL AIRPORTS"
272,"INTERNATIONAL PASSENGERS",JAIPUR,2017,September,39622,JAI,VIJP,"18 INTERNATIONAL AIRPORTS"
273,"INTERNATIONAL PASSENGERS",CALICUT,2017,September,218530,CCJ,VOCL,"18 INTERNATIONAL AIRPORTS"
274,"INTERNATIONAL PASSENGERS",BHUBANESWAR,2017,September,5640,BBI,VEBS,"18 INTERNATIONAL AIRPORTS"
275,"INTERNATIONAL PASSENGERS",COIMBATORE,2017,September,15786,CJB,VOCB,"18 INTERNATIONAL AIRPORTS"
276,"INTERNATIONAL PASSENGERS",SRINAGAR,2017,September,7616,SXR,VISR,"18 INTERNATIONAL AIRPORTS"
277,"INTERNATIONAL PASSENGERS",VARANASI,2017,September,16136,VNS,VIBN,"18 INTERNATIONAL AIRPORTS"
278,"INTERNATIONAL PASSENGERS",MANGALORE,2017,September,60352,IXE,VOML,"18 INTERNATIONAL AIRPORTS"
279,"INTERNATIONAL PASSENGERS",AMRITSAR,2017,September,47115,ATQ,VIAR,"18 INTERNATIONAL AIRPORTS"
280,"INTERNATIONAL PASSENGERS",TRICHY,2017,September,110747,TRZ,VOTR,"18 INTERNATIONAL AIRPORTS"
281,"INTERNATIONAL PASSENGERS",PORTBLAIR,2017,September,0,IXZ,VOPB,"18 INTERNATIONAL AIRPORTS"
282,"INTERNATIONAL PASSENGERS",IMPHAL,2017,September,0,IMF,VEIM,"18 INTERNATIONAL AIRPORTS"
283,"INTERNATIONAL PASSENGERS","DELHI (DIAL)",2017,September,1347647,DEL,VIDP,"6 JV INTERNATIONAL AIRPORTS"
284,"INTERNATIONAL PASSENGERS","MUMBAI (MIAL)",2017,September,992581,BOM,VABB,"6 JV INTERNATIONAL AIRPORTS"
285,"INTERNATIONAL PASSENGERS",AURANGABAD,2017,September,0,IXU,VAAU,"8 CUSTOM AIRPORTS"
286,"INTERNATIONAL PASSENGERS",GAYA,2017,September,7278,GAY,VEGY,"8 CUSTOM AIRPORTS"
309,"DOMESTIC PASSENGERS",CHENNAI,2017,September,1178322,MAA,VOMM,"18 INTERNATIONAL AIRPORTS"
310,"DOMESTIC PASSENGERS",KOLKATA,2017,September,1395782,CCU,VECC,"18 INTERNATIONAL AIRPORTS"
311,"DOMESTIC PASSENGERS",AHMEDABAD,2017,September,562299,AMD,VAAH,"18 INTERNATIONAL AIRPORTS"
312,"DOMESTIC PASSENGERS",GOA,2017,September,503904,GOI,VOGO,"18 INTERNATIONAL AIRPORTS"
313,"DOMESTIC PASSENGERS",LUCKNOW,2017,September,290914,LKO,VILK,"18 INTERNATIONAL AIRPORTS"
314,"DOMESTIC PASSENGERS",TRIVANDRUM,2017,September,155534,TRV,VOTV,"18 INTERNATIONAL AIRPORTS"
315,"DOMESTIC PASSENGERS",GUWAHATI,2017,September,382497,GAU,VEGT,"18 INTERNATIONAL AIRPORTS"
316,"DOMESTIC PASSENGERS",JAIPUR,2017,September,337934,JAI,VIJP,"18 INTERNATIONAL AIRPORTS"
317,"DOMESTIC PASSENGERS",CALICUT,2017,September,41640,CCJ,VOCL,"18 INTERNATIONAL AIRPORTS"
318,"DOMESTIC PASSENGERS",BHUBANESWAR,2017,September,217924,BBI,VEBS,"18 INTERNATIONAL AIRPORTS"
319,"DOMESTIC PASSENGERS",COIMBATORE,2017,September,167177,CJB,VOCB,"18 INTERNATIONAL AIRPORTS"
320,"DOMESTIC PASSENGERS",SRINAGAR,2017,September,186089,SXR,VISR,"18 INTERNATIONAL AIRPORTS"
321,"DOMESTIC PASSENGERS",VARANASI,2017,September,137983,VNS,VIBN,"18 INTERNATIONAL AIRPORTS"
322,"DOMESTIC PASSENGERS",MANGALORE,2017,September,113959,IXE,VOML,"18 INTERNATIONAL AIRPORTS"
323,"DOMESTIC PASSENGERS",AMRITSAR,2017,September,123239,ATQ,VIAR,"18 INTERNATIONAL AIRPORTS"
324,"DOMESTIC PASSENGERS",TRICHY,2017,September,11833,TRZ,VOTR,"18 INTERNATIONAL AIRPORTS"
325,"DOMESTIC PASSENGERS",PORTBLAIR,2017,September,97624,IXZ,VOPB,"18 INTERNATIONAL AIRPORTS"
326,"DOMESTIC PASSENGERS",IMPHAL,2017,September,76901,IMF,VEIM,"18 INTERNATIONAL AIRPORTS"
327,"DOMESTIC PASSENGERS","DELHI (DIAL)",2017,September,3748037,DEL,VIDP,"6 JV INTERNATIONAL AIRPORTS"
328,"DOMESTIC PASSENGERS","MUMBAI (MIAL)",2017,September,2711355,BOM,VABB,"6 JV INTERNATIONAL AIRPORTS"
329,"DOMESTIC PASSENGERS",AURANGABAD,2017,September,27517,IXU,VAAU,"8 CUSTOM AIRPORTS"
330,"DOMESTIC PASSENGERS",GAYA,2017,September,4984,GAY,VEGY,"8 CUSTOM AIRPORTS"
1985,"INTERNATIONAL PASSENGERS",BANGALORE,2017,September,298052,BLR,VOBL,"6 JV INTERNATIONAL AIRPORTS"
1986,"INTERNATIONAL PASSENGERS",HYDERABAD,2017,September,299836,HYD,VOHS,"6 JV INTERNATIONAL AIRPORTS"
1987,"INTERNATIONAL PASSENGERS",COCHIN,2017,September,432847,COK,VOCI,"6 JV INTERNATIONAL AIRPORTS"
1988,"INTERNATIONAL PASSENGERS",NAGPUR,2017,September,9389,NAG,VANP,"6 JV INTERNATIONAL AIRPORTS"
1989,"INTERNATIONAL PASSENGERS",PUNE,2017,September,23243,,,AUTO-ADDED
1990,"INTERNATIONAL PASSENGERS",VISAKHAPATNAM,2017,September,9549,,,AUTO-ADDED
1991,"INTERNATIONAL PASSENGERS",PATNA,2017,September,0,,,AUTO-ADDED
1992,"INTERNATIONAL PASSENGERS","CHANDIGARH  (JV AIRPOR",2017,September,11345,,,AUTO-ADDED
1993,"INTERNATIONAL PASSENGERS",BAGDOGRA,2017,September,1586,,,AUTO-ADDED
1994,"INTERNATIONAL PASSENGERS",MADURAI,2017,September,22891,,,AUTO-ADDED
2005,"DOMESTIC PASSENGERS",BANGALORE,2017,September,1791883,BLR,VOBL,"6 JV INTERNATIONAL AIRPORTS"
2006,"DOMESTIC PASSENGERS",HYDERABAD,2017,September,1110439,HYD,VOHS,"6 JV INTERNATIONAL AIRPORTS"
2007,"DOMESTIC PASSENGERS",COCHIN,2017,September,378667,COK,VOCI,"6 JV INTERNATIONAL AIRPORTS"
2008,"DOMESTIC PASSENGERS",NAGPUR,2017,September,146423,NAG,VANP,"6 JV INTERNATIONAL AIRPORTS"
2009,"DOMESTIC PASSENGERS",PUNE,2017,September,625006,,,AUTO-ADDED
2010,"DOMESTIC PASSENGERS",VISAKHAPATNAM,2017,September,168749,,,AUTO-ADDED
2011,"DOMESTIC PASSENGERS",PATNA,2017,September,242770,,,AUTO-ADDED
2012,"DOMESTIC PASSENGERS","CHANDIGARH  (JV AIRPOR",2017,September,180319,,,AUTO-ADDED
2013,"DOMESTIC PASSENGERS",BAGDOGRA,2017,September,165312,,,AUTO-ADDED
2014,"DOMESTIC PASSENGERS",MADURAI,2017,September,81985,,,AUTO-ADDED
2015,"DOMESTIC PASSENGERS",INDORE,2017,September,168513,,,AUTO-ADDED
2016,"DOMESTIC PASSENGERS",RAIPUR,2017,September,121732,,,AUTO-ADDED
2017,"DOMESTIC PASSENGERS",AGARTALA,2017,September,102326,,,AUTO-ADDED
2018,"DOMESTIC PASSENGERS",JAMMU,2017,September,119218,,,AUTO-ADDED
2019,"DOMESTIC PASSENGERS",VADODARA,2017,September,71766,,,AUTO-ADDED
2020,"DOMESTIC PASSENGERS",UDAIPUR,2017,September,81373,,,AUTO-ADDED
2021,"DOMESTIC PASSENGERS",RANCHI,2017,September,119828,,,AUTO-ADDED
2022,"DOMESTIC PASSENGERS",DEHRADUN,2017,September,87484,,,AUTO-ADDED
2023,"DOMESTIC PASSENGERS",BHOPAL,2017,September,54997,,,AUTO-ADDED
2024,"DOMESTIC PASSENGERS",VIJAYAWADA,2017,September,62011,,,AUTO-ADDED
2025,"DOMESTIC PASSENGERS",LEH,2017,September,76620,,,AUTO-ADDED
2026,"DOMESTIC PASSENGERS",TIRUPATI,2017,September,43840,,,AUTO-ADDED
2027,"DOMESTIC PASSENGERS",RAJKOT,2017,September,27461,,,AUTO-ADDED
2028,"DOMESTIC PASSENGERS",JODHPUR,2017,September,34021,,,AUTO-ADDED
2029,"DOMESTIC PASSENGERS",DIBRUGARH,2017,September,25164,,,AUTO-ADDED
2030,"DOMESTIC PASSENGERS",RAJAHMUNDRY,2017,September,18579,,,AUTO-ADDED
2031,"DOMESTIC PASSENGERS",SILCHAR,2017,September,31806,,,AUTO-ADDED
2032,"DOMESTIC PASSENGERS",SURAT,2017,September,60409,,,AUTO-ADDED
2033,"DOMESTIC PASSENGERS",BHUJ,2017,September,13868,,,AUTO-ADDED
2034,"DOMESTIC PASSENGERS",JUHU,2017,September,14004,,,AUTO-ADDED
2035,"DOMESTIC PASSENGERS",JABALPUR,2017,September,18358,,,AUTO-ADDED
2036,"DOMESTIC PASSENGERS",DIMAPUR,2017,September,15950,,,AUTO-ADDED
2037,"DOMESTIC PASSENGERS",GUGGAL,2017,September,12707,,,AUTO-ADDED
2038,"DOMESTIC PASSENGERS",TUTICORIN,2017,September,8135,,,AUTO-ADDED
2039,"DOMESTIC PASSENGERS",BELGAUM,2017,September,8536,,,AUTO-ADDED
2040,"DOMESTIC PASSENGERS",JAMNAGAR,2017,September,5040,,,AUTO-ADDED
2041,"DOMESTIC PASSENGERS",KHAJURAHO,2017,September,2423,,,AUTO-ADDED
2042,"DOMESTIC PASSENGERS",JORHAT,2017,September,5590,,,AUTO-ADDED
2043,"DOMESTIC PASSENGERS",GORKHPUR,2017,September,12004,,,AUTO-ADDED
2044,"DOMESTIC PASSENGERS",ALLAHABAD,2017,September,3970,,,AUTO-ADDED
2045,"DOMESTIC PASSENGERS",AGATTI,2017,September,4002,,,AUTO-ADDED
2046,"DOMESTIC PASSENGERS",HUBLI,2017,September,3679,,,AUTO-ADDED
2047,"DOMESTIC PASSENGERS",BHUNTAR,2017,September,2197,,,AUTO-ADDED
2048,"DOMESTIC PASSENGERS",BHAVNAGAR,2017,September,2870,,,AUTO-ADDED
2049,"DOMESTIC PASSENGERS",DIU,2017,September,1340,,,AUTO-ADDED
2050,"DOMESTIC PASSENGERS",GWALIOR,2017,September,1444,,,AUTO-ADDED
2051,"DOMESTIC PASSENGERS",BARAPANI,2017,September,1131,,,AUTO-ADDED
2052,"DOMESTIC PASSENGERS",PANTNAGAR,2017,September,1485,,,AUTO-ADDED
2053,"DOMESTIC PASSENGERS",LAKHIMPUR,2017,September,1067,,,AUTO-ADDED
2054,"DOMESTIC PASSENGERS",AGRA,2017,September,593,,,AUTO-ADDED
2055,"DOMESTIC PASSENGERS",TEZPUR,2017,September,590,,,AUTO-ADDED
2056,"DOMESTIC PASSENGERS",BHATINDA,2017,September,1347,,,AUTO-ADDED
2057,"DOMESTIC PASSENGERS",PORBANDAR,2017,September,4319,,,AUTO-ADDED
2058,"DOMESTIC PASSENGERS",KANPUR,2017,September,0,,,AUTO-ADDED
2059,"DOMESTIC PASSENGERS",CUDDAPAH,2017,September,2627,,,AUTO-ADDED
2060,"DOMESTIC PASSENGERS",BIKANER,2017,September,810,,,AUTO-ADDED
2061,"DOMESTIC PASSENGERS",JAISALMER,2017,September,0,,,AUTO-ADDED
2062,"DOMESTIC PASSENGERS",LUDHIANA,2017,September,2056,,,AUTO-ADDED
2063,"DOMESTIC PASSENGERS",KOLHAPUR,2017,September,0,,,AUTO-ADDED
2064,"DOMESTIC PASSENGERS",SHIMLA,2017,September,930,,,AUTO-ADDED
2065,"DOMESTIC PASSENGERS",LENGPUI,2017,September,26333,,,AUTO-ADDED
2066,"DOMESTIC PASSENGERS",DURGAPUR,2017,September,92,,,AUTO-ADDED
2067,"DOMESTIC PASSENGERS",NANDED,2017,September,2279,,,AUTO-ADDED
2068,"DOMESTIC PASSENGERS",MUNDRA,2017,September,0,,,AUTO-ADDED
661,"ANNEXURE-IIIA
INTERNATIONAL PASSENGERS",CHENNAI,2017,OCT,434605,MAA,VOMM,"18 INTERNATIONAL AIRPORTS"
662,"ANNEXURE-IIIA
INTERNATIONAL PASSENGERS",KOLKATA,2017,OCT,217167,CCU,VECC,"18 INTERNATIONAL AIRPORTS"
663,"ANNEXURE-IIIA
INTERNATIONAL PASSENGERS",AHMEDABAD,2017,OCT,157966,AMD,VAAH,"18 INTERNATIONAL AIRPORTS"
664,"ANNEXURE-IIIA
INTERNATIONAL PASSENGERS",GOA,2017,OCT,46164,GOI,VOGO,"18 INTERNATIONAL AIRPORTS"
665,"ANNEXURE-IIIA
INTERNATIONAL PASSENGERS",LUCKNOW,2017,OCT,57928,LKO,VILK,"18 INTERNATIONAL AIRPORTS"
666,"ANNEXURE-IIIA
INTERNATIONAL PASSENGERS",TRIVANDRUM,2017,OCT,189481,TRV,VOTV,"18 INTERNATIONAL AIRPORTS"
667,"ANNEXURE-IIIA
INTERNATIONAL PASSENGERS",GUWAHATI,2017,OCT,1761,GAU,VEGT,"18 INTERNATIONAL AIRPORTS"
668,"ANNEXURE-IIIA
INTERNATIONAL PASSENGERS",JAIPUR,2017,OCT,44227,JAI,VIJP,"18 INTERNATIONAL AIRPORTS"
669,"ANNEXURE-IIIA
INTERNATIONAL PASSENGERS",CALICUT,2017,OCT,206166,CCJ,VOCL,"18 INTERNATIONAL AIRPORTS"
670,"ANNEXURE-IIIA
INTERNATIONAL PASSENGERS",BHUBANESWAR,2017,OCT,7227,BBI,VEBS,"18 INTERNATIONAL AIRPORTS"
671,"ANNEXURE-IIIA
INTERNATIONAL PASSENGERS",COIMBATORE,2017,OCT,15474,CJB,VOCB,"18 INTERNATIONAL AIRPORTS"
672,"ANNEXURE-IIIA
INTERNATIONAL PASSENGERS",SRINAGAR,2017,OCT,0,SXR,VISR,"18 INTERNATIONAL AIRPORTS"
673,"ANNEXURE-IIIA
INTERNATIONAL PASSENGERS",VARANASI,2017,OCT,13783,VNS,VIBN,"18 INTERNATIONAL AIRPORTS"
674,"ANNEXURE-IIIA
INTERNATIONAL PASSENGERS",MANGALORE,2017,OCT,60503,IXE,VOML,"18 INTERNATIONAL AIRPORTS"
675,"ANNEXURE-IIIA
INTERNATIONAL PASSENGERS",AMRITSAR,2017,OCT,52691,ATQ,VIAR,"18 INTERNATIONAL AIRPORTS"
676,"ANNEXURE-IIIA
INTERNATIONAL PASSENGERS",TRICHY,2017,OCT,110731,TRZ,VOTR,"18 INTERNATIONAL AIRPORTS"
677,"ANNEXURE-IIIA
INTERNATIONAL PASSENGERS",PORTBLAIR,2017,OCT,0,IXZ,VOPB,"18 INTERNATIONAL AIRPORTS"
678,"ANNEXURE-IIIA
INTERNATIONAL PASSENGERS",IMPHAL,2017,OCT,0,IMF,VEIM,"18 INTERNATIONAL AIRPORTS"
679,"ANNEXURE-IIIA
INTERNATIONAL PASSENGERS","DELHI (DIAL)",2017,OCT,1436803,DEL,VIDP,"6 JV INTERNATIONAL AIRPORTS"
680,"ANNEXURE-IIIA
INTERNATIONAL PASSENGERS","MUMBAI (MIAL)",2017,OCT,1126027,BOM,VABB,"6 JV INTERNATIONAL AIRPORTS"
681,"ANNEXURE-IIIA
INTERNATIONAL PASSENGERS",AURANGABAD,2017,OCT,1317,IXU,VAAU,"8 CUSTOM AIRPORTS"
682,"ANNEXURE-IIIA
INTERNATIONAL PASSENGERS",GAYA,2017,OCT,14417,GAY,VEGY,"8 CUSTOM AIRPORTS"
705,"ANNEXURE-IIIB
DOMESTIC PASSENGERS",CHENNAI,2017,OCT,1171079,MAA,VOMM,"18 INTERNATIONAL AIRPORTS"
706,"ANNEXURE-IIIB
DOMESTIC PASSENGERS",KOLKATA,2017,OCT,1524034,CCU,VECC,"18 INTERNATIONAL AIRPORTS"
707,"ANNEXURE-IIIB
DOMESTIC PASSENGERS",AHMEDABAD,2017,OCT,653043,AMD,VAAH,"18 INTERNATIONAL AIRPORTS"
708,"ANNEXURE-IIIB
DOMESTIC PASSENGERS",GOA,2017,OCT,567796,GOI,VOGO,"18 INTERNATIONAL AIRPORTS"
709,"ANNEXURE-IIIB
DOMESTIC PASSENGERS",LUCKNOW,2017,OCT,323722,LKO,VILK,"18 INTERNATIONAL AIRPORTS"
710,"ANNEXURE-IIIB
DOMESTIC PASSENGERS",TRIVANDRUM,2017,OCT,156814,TRV,VOTV,"18 INTERNATIONAL AIRPORTS"
711,"ANNEXURE-IIIB
DOMESTIC PASSENGERS",GUWAHATI,2017,OCT,392835,GAU,VEGT,"18 INTERNATIONAL AIRPORTS"
712,"ANNEXURE-IIIB
DOMESTIC PASSENGERS",JAIPUR,2017,OCT,376719,JAI,VIJP,"18 INTERNATIONAL AIRPORTS"
713,"ANNEXURE-IIIB
DOMESTIC PASSENGERS",CALICUT,2017,OCT,41966,CCJ,VOCL,"18 INTERNATIONAL AIRPORTS"
714,"ANNEXURE-IIIB
DOMESTIC PASSENGERS",BHUBANESWAR,2017,OCT,268618,BBI,VEBS,"18 INTERNATIONAL AIRPORTS"
715,"ANNEXURE-IIIB
DOMESTIC PASSENGERS",COIMBATORE,2017,OCT,174500,CJB,VOCB,"18 INTERNATIONAL AIRPORTS"
716,"ANNEXURE-IIIB
DOMESTIC PASSENGERS",SRINAGAR,2017,OCT,191957,SXR,VISR,"18 INTERNATIONAL AIRPORTS"
717,"ANNEXURE-IIIB
DOMESTIC PASSENGERS",VARANASI,2017,OCT,166791,VNS,VIBN,"18 INTERNATIONAL AIRPORTS"
718,"ANNEXURE-IIIB
DOMESTIC PASSENGERS",MANGALORE,2017,OCT,130416,IXE,VOML,"18 INTERNATIONAL AIRPORTS"
719,"ANNEXURE-IIIB
DOMESTIC PASSENGERS",AMRITSAR,2017,OCT,159311,ATQ,VIAR,"18 INTERNATIONAL AIRPORTS"
720,"ANNEXURE-IIIB
DOMESTIC PASSENGERS",TRICHY,2017,OCT,12007,TRZ,VOTR,"18 INTERNATIONAL AIRPORTS"
721,"ANNEXURE-IIIB
DOMESTIC PASSENGERS",PORTBLAIR,2017,OCT,131470,IXZ,VOPB,"18 INTERNATIONAL AIRPORTS"
722,"ANNEXURE-IIIB
DOMESTIC PASSENGERS",IMPHAL,2017,OCT,83536,IMF,VEIM,"18 INTERNATIONAL AIRPORTS"
723,"ANNEXURE-IIIB
DOMESTIC PASSENGERS","DELHI (DIAL)",2017,OCT,4155542,DEL,VIDP,"6 JV INTERNATIONAL AIRPORTS"
724,"ANNEXURE-IIIB
DOMESTIC PASSENGERS","MUMBAI (MIAL)",2017,OCT,2901098,BOM,VABB,"6 JV INTERNATIONAL AIRPORTS"
725,"ANNEXURE-IIIB
DOMESTIC PASSENGERS",AURANGABAD,2017,OCT,26436,IXU,VAAU,"8 CUSTOM AIRPORTS"
726,"ANNEXURE-IIIB
DOMESTIC PASSENGERS",GAYA,2017,OCT,5133,GAY,VEGY,"8 CUSTOM AIRPORTS"
2797,"ANNEXURE-IIIA
INTERNATIONAL PASSENGERS",BANGALORE,2017,OCT,304524,BLR,VOBL,"6 JV INTERNATIONAL AIRPORTS"
2798,"ANNEXURE-IIIA
INTERNATIONAL PASSENGERS",HYDERABAD,2017,OCT,278871,HYD,VOHS,"6 JV INTERNATIONAL AIRPORTS"
2799,"ANNEXURE-IIIA
INTERNATIONAL PASSENGERS",COCHIN,2017,OCT,407047,COK,VOCI,"6 JV INTERNATIONAL AIRPORTS"
2800,"ANNEXURE-IIIA
INTERNATIONAL PASSENGERS",NAGPUR,2017,OCT,7612,NAG,VANP,"6 JV INTERNATIONAL AIRPORTS"
2801,"ANNEXURE-IIIA
INTERNATIONAL PASSENGERS",PUNE,2017,OCT,24142,,,AUTO-ADDED
2802,"ANNEXURE-IIIA
INTERNATIONAL PASSENGERS",VISAKHAPATNAM,2017,OCT,11650,,,AUTO-ADDED
2803,"ANNEXURE-IIIA
INTERNATIONAL PASSENGERS",PATNA,2017,OCT,0,,,AUTO-ADDED
2804,"ANNEXURE-IIIA
INTERNATIONAL PASSENGERS","CHANDIGARH  (JV AIRPOR",2017,OCT,11808,,,AUTO-ADDED
2805,"ANNEXURE-IIIA
INTERNATIONAL PASSENGERS",BAGDOGRA,2017,OCT,2104,,,AUTO-ADDED
2806,"ANNEXURE-IIIA
INTERNATIONAL PASSENGERS",MADURAI,2017,OCT,26319,,,AUTO-ADDED
2807,"ANNEXURE-IIIA
INTERNATIONAL PASSENGERS","(D) 50 DOMESTIC AIRPORTS",2017,OCT,1212,,,AUTO-ADDED
2808,"ANNEXURE-IIIA
INTERNATIONAL PASSENGERS","(E) STATE GOVT. / PVT AIRPORTS",2017,OCT,0,,,AUTO-ADDED
2809,"ANNEXURE-IIIA
INTERNATIONAL PASSENGERS","(F) OTHER AIRPORTS",2017,OCT,0,,,AUTO-ADDED
2823,"ANNEXURE-IIIB
DOMESTIC PASSENGERS",BANGALORE,2017,OCT,1961737,BLR,VOBL,"6 JV INTERNATIONAL AIRPORTS"
2824,"ANNEXURE-IIIB
DOMESTIC PASSENGERS",HYDERABAD,2017,OCT,1220747,HYD,VOHS,"6 JV INTERNATIONAL AIRPORTS"
2825,"ANNEXURE-IIIB
DOMESTIC PASSENGERS",COCHIN,2017,OCT,403417,COK,VOCI,"6 JV INTERNATIONAL AIRPORTS"
2826,"ANNEXURE-IIIB
DOMESTIC PASSENGERS",NAGPUR,2017,OCT,163162,NAG,VANP,"6 JV INTERNATIONAL AIRPORTS"
2827,"ANNEXURE-IIIB
DOMESTIC PASSENGERS",PUNE,2017,OCT,668284,,,AUTO-ADDED
2828,"ANNEXURE-IIIB
DOMESTIC PASSENGERS",VISAKHAPATNAM,2017,OCT,190724,,,AUTO-ADDED
2829,"ANNEXURE-IIIB
DOMESTIC PASSENGERS",PATNA,2017,OCT,298521,,,AUTO-ADDED
2830,"ANNEXURE-IIIB
DOMESTIC PASSENGERS","CHANDIGARH  (JV AIRPOR",2017,OCT,151800,,,AUTO-ADDED
2831,"ANNEXURE-IIIB
DOMESTIC PASSENGERS",BAGDOGRA,2017,OCT,183756,,,AUTO-ADDED
2832,"ANNEXURE-IIIB
DOMESTIC PASSENGERS",MADURAI,2017,OCT,87816,,,AUTO-ADDED
2833,"ANNEXURE-IIIB
DOMESTIC PASSENGERS",INDORE,2017,OCT,182196,,,AUTO-ADDED
2834,"ANNEXURE-IIIB
DOMESTIC PASSENGERS",RAIPUR,2017,OCT,134243,,,AUTO-ADDED
2835,"ANNEXURE-IIIB
DOMESTIC PASSENGERS",AGARTALA,2017,OCT,116220,,,AUTO-ADDED
2836,"ANNEXURE-IIIB
DOMESTIC PASSENGERS",JAMMU,2017,OCT,121963,,,AUTO-ADDED
2837,"ANNEXURE-IIIB
DOMESTIC PASSENGERS",VADODARA,2017,OCT,85982,,,AUTO-ADDED
2838,"ANNEXURE-IIIB
DOMESTIC PASSENGERS",UDAIPUR,2017,OCT,88893,,,AUTO-ADDED
2839,"ANNEXURE-IIIB
DOMESTIC PASSENGERS",RANCHI,2017,OCT,155345,,,AUTO-ADDED
2840,"ANNEXURE-IIIB
DOMESTIC PASSENGERS",DEHRADUN,2017,OCT,95255,,,AUTO-ADDED
2841,"ANNEXURE-IIIB
DOMESTIC PASSENGERS",BHOPAL,2017,OCT,61840,,,AUTO-ADDED
2842,"ANNEXURE-IIIB
DOMESTIC PASSENGERS",VIJAYAWADA,2017,OCT,62047,,,AUTO-ADDED
2843,"ANNEXURE-IIIB
DOMESTIC PASSENGERS",LEH,2017,OCT,48352,,,AUTO-ADDED
2844,"ANNEXURE-IIIB
DOMESTIC PASSENGERS",TIRUPATI,2017,OCT,44227,,,AUTO-ADDED
2845,"ANNEXURE-IIIB
DOMESTIC PASSENGERS",RAJKOT,2017,OCT,28931,,,AUTO-ADDED
2846,"ANNEXURE-IIIB
DOMESTIC PASSENGERS",JODHPUR,2017,OCT,37592,,,AUTO-ADDED
2847,"ANNEXURE-IIIB
DOMESTIC PASSENGERS",DIBRUGARH,2017,OCT,28541,,,AUTO-ADDED
2848,"ANNEXURE-IIIB
DOMESTIC PASSENGERS",RAJAHMUNDRY,2017,OCT,17132,,,AUTO-ADDED
2849,"ANNEXURE-IIIB
DOMESTIC PASSENGERS",SILCHAR,2017,OCT,30480,,,AUTO-ADDED
2850,"ANNEXURE-IIIB
DOMESTIC PASSENGERS",SURAT,2017,OCT,61968,,,AUTO-ADDED
2851,"ANNEXURE-IIIB
DOMESTIC PASSENGERS",BHUJ,2017,OCT,15141,,,AUTO-ADDED
2852,"ANNEXURE-IIIB
DOMESTIC PASSENGERS",JUHU,2017,OCT,13888,,,AUTO-ADDED
2853,"ANNEXURE-IIIB
DOMESTIC PASSENGERS",JABALPUR,2017,OCT,17840,,,AUTO-ADDED
2854,"ANNEXURE-IIIB
DOMESTIC PASSENGERS",DIMAPUR,2017,OCT,15491,,,AUTO-ADDED
2855,"ANNEXURE-IIIB
DOMESTIC PASSENGERS",GUGGAL,2017,OCT,12508,,,AUTO-ADDED
2856,"ANNEXURE-IIIB
DOMESTIC PASSENGERS",TUTICORIN,2017,OCT,8037,,,AUTO-ADDED
2857,"ANNEXURE-IIIB
DOMESTIC PASSENGERS",BELGAUM,2017,OCT,14374,,,AUTO-ADDED
2858,"ANNEXURE-IIIB
DOMESTIC PASSENGERS",JAMNAGAR,2017,OCT,5857,,,AUTO-ADDED
2859,"ANNEXURE-IIIB
DOMESTIC PASSENGERS",KHAJURAHO,2017,OCT,6383,,,AUTO-ADDED
2860,"ANNEXURE-IIIB
DOMESTIC PASSENGERS",JORHAT,2017,OCT,5607,,,AUTO-ADDED
2861,"ANNEXURE-IIIB
DOMESTIC PASSENGERS",GORKHPUR,2017,OCT,8499,,,AUTO-ADDED
2862,"ANNEXURE-IIIB
DOMESTIC PASSENGERS",ALLAHABAD,2017,OCT,4045,,,AUTO-ADDED
2863,"ANNEXURE-IIIB
DOMESTIC PASSENGERS",AGATTI,2017,OCT,3288,,,AUTO-ADDED
2864,"ANNEXURE-IIIB
DOMESTIC PASSENGERS",HUBLI,2017,OCT,3619,,,AUTO-ADDED
2865,"ANNEXURE-IIIB
DOMESTIC PASSENGERS",BHUNTAR,2017,OCT,2884,,,AUTO-ADDED
2866,"ANNEXURE-IIIB
DOMESTIC PASSENGERS",BHAVNAGAR,2017,OCT,3089,,,AUTO-ADDED
2867,"ANNEXURE-IIIB
DOMESTIC PASSENGERS",DIU,2017,OCT,1948,,,AUTO-ADDED
2868,"ANNEXURE-IIIB
DOMESTIC PASSENGERS",GWALIOR,2017,OCT,2625,,,AUTO-ADDED
2869,"ANNEXURE-IIIB
DOMESTIC PASSENGERS",BARAPANI,2017,OCT,937,,,AUTO-ADDED
2870,"ANNEXURE-IIIB
DOMESTIC PASSENGERS",PANTNAGAR,2017,OCT,1273,,,AUTO-ADDED
2871,"ANNEXURE-IIIB
DOMESTIC PASSENGERS",LAKHIMPUR,2017,OCT,1244,,,AUTO-ADDED
2872,"ANNEXURE-IIIB
DOMESTIC PASSENGERS",AGRA,2017,OCT,1339,,,AUTO-ADDED
2873,"ANNEXURE-IIIB
DOMESTIC PASSENGERS",TEZPUR,2017,OCT,833,,,AUTO-ADDED
2874,"ANNEXURE-IIIB
DOMESTIC PASSENGERS",BHATINDA,2017,OCT,1473,,,AUTO-ADDED
2875,"ANNEXURE-IIIB
DOMESTIC PASSENGERS",PORBANDAR,2017,OCT,4678,,,AUTO-ADDED
2876,"ANNEXURE-IIIB
DOMESTIC PASSENGERS",KANPUR,2017,OCT,0,,,AUTO-ADDED
2877,"ANNEXURE-IIIB
DOMESTIC PASSENGERS",CUDDAPAH,2017,OCT,2388,,,AUTO-ADDED
2878,"ANNEXURE-IIIB
DOMESTIC PASSENGERS",BIKANER,2017,OCT,3609,,,AUTO-ADDED
2879,"ANNEXURE-IIIB
DOMESTIC PASSENGERS",JAISALMER,2017,OCT,664,,,AUTO-ADDED
2880,"ANNEXURE-IIIB
DOMESTIC PASSENGERS",LUDHIANA,2017,OCT,1886,,,AUTO-ADDED
2881,"ANNEXURE-IIIB
DOMESTIC PASSENGERS",KOLHAPUR,2017,OCT,0,,,AUTO-ADDED
2882,"ANNEXURE-IIIB
DOMESTIC PASSENGERS",SHIMLA,2017,OCT,365,,,AUTO-ADDED
2883,"ANNEXURE-IIIB
DOMESTIC PASSENGERS",LENGPUI,2017,OCT,22996,,,AUTO-ADDED
2884,"ANNEXURE-IIIB
DOMESTIC PASSENGERS",DURGAPUR,2017,OCT,10,,,AUTO-ADDED
2885,"ANNEXURE-IIIB
DOMESTIC PASSENGERS",NANDED,2017,OCT,2095,,,AUTO-ADDED
2886,"ANNEXURE-IIIB
DOMESTIC PASSENGERS",MUNDRA,2017,OCT,0,,,AUTO-ADDED
2887,"ANNEXURE-IIIB
DOMESTIC PASSENGERS","(F) OTHER AIRPORTS",2017,OCT,16127,,,AUTO-ADDED
2635,"INTERNATIONAL PASSENGERS","(D) 48 DOMESTIC AIRPORTS",2017,Nov,277,,,AUTO-ADDED
2636,"INTERNATIONAL PASSENGERS","(E) STATE GOVT. / PVT AIRPORTS",2017,Nov,0,,,AUTO-ADDED
2637,"INTERNATIONAL PASSENGERS","(F) OTHER AIRPORTS",2017,Nov,0,,,AUTO-ADDED
2133,"INTERNATIONAL PASSENGERS",BANGALORE,2017,NOV,308457,BLR,VOBL,"6 JV INTERNATIONAL AIRPORTS"
2134,"INTERNATIONAL PASSENGERS",HYDERABAD,2017,NOV,291103,HYD,VOHS,"6 JV INTERNATIONAL AIRPORTS"
2135,"INTERNATIONAL PASSENGERS",COCHIN,2017,NOV,408690,COK,VOCI,"6 JV INTERNATIONAL AIRPORTS"
2136,"INTERNATIONAL PASSENGERS",NAGPUR,2017,NOV,7686,NAG,VANP,"6 JV INTERNATIONAL AIRPORTS"
2137,"INTERNATIONAL PASSENGERS",PUNE,2017,NOV,21939,,,AUTO-ADDED
2138,"INTERNATIONAL PASSENGERS",VISAKHAPATNAM,2017,NOV,11960,,,AUTO-ADDED
2139,"INTERNATIONAL PASSENGERS",PATNA,2017,NOV,0,,,AUTO-ADDED
2140,"INTERNATIONAL PASSENGERS","CHANDIGARH  (JV AIRPOR",2017,NOV,11793,,,AUTO-ADDED
2141,"INTERNATIONAL PASSENGERS",BAGDOGRA,2017,NOV,1708,,,AUTO-ADDED
2142,"INTERNATIONAL PASSENGERS",MADURAI,2017,NOV,25071,,,AUTO-ADDED
2153,"DOMESTIC PASSENGERS",BANGALORE,2017,NOV,1951875,BLR,VOBL,"6 JV INTERNATIONAL AIRPORTS"
2154,"DOMESTIC PASSENGERS",HYDERABAD,2017,NOV,1239827,HYD,VOHS,"6 JV INTERNATIONAL AIRPORTS"
2155,"DOMESTIC PASSENGERS",COCHIN,2017,NOV,409693,COK,VOCI,"6 JV INTERNATIONAL AIRPORTS"
2156,"DOMESTIC PASSENGERS",NAGPUR,2017,NOV,175903,NAG,VANP,"6 JV INTERNATIONAL AIRPORTS"
2157,"DOMESTIC PASSENGERS",PUNE,2017,NOV,680771,,,AUTO-ADDED
2158,"DOMESTIC PASSENGERS",VISAKHAPATNAM,2017,NOV,188119,,,AUTO-ADDED
2159,"DOMESTIC PASSENGERS",PATNA,2017,NOV,290818,,,AUTO-ADDED
2160,"DOMESTIC PASSENGERS","CHANDIGARH  (JV AIRPOR",2017,NOV,153091,,,AUTO-ADDED
2161,"DOMESTIC PASSENGERS",BAGDOGRA,2017,NOV,175916,,,AUTO-ADDED
2162,"DOMESTIC PASSENGERS",MADURAI,2017,NOV,92505,,,AUTO-ADDED
2163,"DOMESTIC PASSENGERS",INDORE,2017,NOV,192608,,,AUTO-ADDED
2164,"DOMESTIC PASSENGERS",RAIPUR,2017,NOV,153165,,,AUTO-ADDED
2165,"DOMESTIC PASSENGERS",AGARTALA,2017,NOV,112308,,,AUTO-ADDED
2166,"DOMESTIC PASSENGERS",JAMMU,2017,NOV,129447,,,AUTO-ADDED
2167,"DOMESTIC PASSENGERS",VADODARA,2017,NOV,86843,,,AUTO-ADDED
2168,"DOMESTIC PASSENGERS",UDAIPUR,2017,NOV,107559,,,AUTO-ADDED
2169,"DOMESTIC PASSENGERS",RANCHI,2017,NOV,169683,,,AUTO-ADDED
2170,"DOMESTIC PASSENGERS",DEHRADUN,2017,NOV,86472,,,AUTO-ADDED
2171,"DOMESTIC PASSENGERS",BHOPAL,2017,NOV,61538,,,AUTO-ADDED
2172,"DOMESTIC PASSENGERS",VIJAYAWADA,2017,NOV,58220,,,AUTO-ADDED
2173,"DOMESTIC PASSENGERS",LEH,2017,NOV,37231,,,AUTO-ADDED
2174,"DOMESTIC PASSENGERS",TIRUPATI,2017,NOV,42053,,,AUTO-ADDED
2175,"DOMESTIC PASSENGERS",RAJKOT,2017,NOV,30090,,,AUTO-ADDED
2176,"DOMESTIC PASSENGERS",JODHPUR,2017,NOV,39669,,,AUTO-ADDED
2177,"DOMESTIC PASSENGERS",DIBRUGARH,2017,NOV,28483,,,AUTO-ADDED
2178,"DOMESTIC PASSENGERS",RAJAHMUNDRY,2017,NOV,16598,,,AUTO-ADDED
2179,"DOMESTIC PASSENGERS",SILCHAR,2017,NOV,29855,,,AUTO-ADDED
366,"INTERNATIONAL PASSENGERS",MANGALORE,2017,NOV,57382,IXE,VOML,"18 INTERNATIONAL AIRPORTS"
367,"INTERNATIONAL PASSENGERS",AMRITSAR,2017,NOV,53465,ATQ,VIAR,"18 INTERNATIONAL AIRPORTS"
368,"INTERNATIONAL PASSENGERS",TRICHY,2017,NOV,109051,TRZ,VOTR,"18 INTERNATIONAL AIRPORTS"
369,"INTERNATIONAL PASSENGERS",PORTBLAIR,2017,NOV,0,IXZ,VOPB,"18 INTERNATIONAL AIRPORTS"
370,"INTERNATIONAL PASSENGERS",IMPHAL,2017,NOV,0,IMF,VEIM,"18 INTERNATIONAL AIRPORTS"
371,"INTERNATIONAL PASSENGERS","DELHI (DIAL)",2017,NOV,1504277,DEL,VIDP,"6 JV INTERNATIONAL AIRPORTS"
372,"INTERNATIONAL PASSENGERS","MUMBAI (MIAL)",2017,NOV,1154581,BOM,VABB,"6 JV INTERNATIONAL AIRPORTS"
373,"INTERNATIONAL PASSENGERS",AURANGABAD,2017,NOV,0,IXU,VAAU,"8 CUSTOM AIRPORTS"
374,"INTERNATIONAL PASSENGERS",GAYA,2017,NOV,17077,GAY,VEGY,"8 CUSTOM AIRPORTS"
397,"DOMESTIC PASSENGERS",CHENNAI,2017,NOV,1211049,MAA,VOMM,"18 INTERNATIONAL AIRPORTS"
398,"DOMESTIC PASSENGERS",KOLKATA,2017,NOV,1466433,CCU,VECC,"18 INTERNATIONAL AIRPORTS"
399,"DOMESTIC PASSENGERS",AHMEDABAD,2017,NOV,648463,AMD,VAAH,"18 INTERNATIONAL AIRPORTS"
400,"DOMESTIC PASSENGERS",GOA,2017,NOV,568706,GOI,VOGO,"18 INTERNATIONAL AIRPORTS"
401,"DOMESTIC PASSENGERS",LUCKNOW,2017,NOV,340220,LKO,VILK,"18 INTERNATIONAL AIRPORTS"
402,"DOMESTIC PASSENGERS",TRIVANDRUM,2017,NOV,165153,TRV,VOTV,"18 INTERNATIONAL AIRPORTS"
403,"DOMESTIC PASSENGERS",GUWAHATI,2017,NOV,378546,GAU,VEGT,"18 INTERNATIONAL AIRPORTS"
404,"DOMESTIC PASSENGERS",JAIPUR,2017,NOV,375930,JAI,VIJP,"18 INTERNATIONAL AIRPORTS"
405,"DOMESTIC PASSENGERS",CALICUT,2017,NOV,39360,CCJ,VOCL,"18 INTERNATIONAL AIRPORTS"
406,"DOMESTIC PASSENGERS",BHUBANESWAR,2017,NOV,281154,BBI,VEBS,"18 INTERNATIONAL AIRPORTS"
407,"DOMESTIC PASSENGERS",COIMBATORE,2017,NOV,183948,CJB,VOCB,"18 INTERNATIONAL AIRPORTS"
408,"DOMESTIC PASSENGERS",SRINAGAR,2017,NOV,168047,SXR,VISR,"18 INTERNATIONAL AIRPORTS"
409,"DOMESTIC PASSENGERS",VARANASI,2017,NOV,174855,VNS,VIBN,"18 INTERNATIONAL AIRPORTS"
410,"DOMESTIC PASSENGERS",MANGALORE,2017,NOV,132953,IXE,VOML,"18 INTERNATIONAL AIRPORTS"
411,"DOMESTIC PASSENGERS",AMRITSAR,2017,NOV,160150,ATQ,VIAR,"18 INTERNATIONAL AIRPORTS"
412,"DOMESTIC PASSENGERS",TRICHY,2017,NOV,11128,TRZ,VOTR,"18 INTERNATIONAL AIRPORTS"
413,"DOMESTIC PASSENGERS",PORTBLAIR,2017,NOV,124560,IXZ,VOPB,"18 INTERNATIONAL AIRPORTS"
414,"DOMESTIC PASSENGERS",IMPHAL,2017,NOV,85909,IMF,VEIM,"18 INTERNATIONAL AIRPORTS"
415,"DOMESTIC PASSENGERS","DELHI (DIAL)",2017,NOV,4042207,DEL,VIDP,"6 JV INTERNATIONAL AIRPORTS"
416,"DOMESTIC PASSENGERS","MUMBAI (MIAL)",2017,NOV,3000848,BOM,VABB,"6 JV INTERNATIONAL AIRPORTS"
417,"DOMESTIC PASSENGERS",AURANGABAD,2017,NOV,30137,IXU,VAAU,"8 CUSTOM AIRPORTS"
418,"DOMESTIC PASSENGERS",GAYA,2017,NOV,4309,GAY,VEGY,"8 CUSTOM AIRPORTS"
353,"INTERNATIONAL PASSENGERS",CHENNAI,2017,NOV,419797,MAA,VOMM,"18 INTERNATIONAL AIRPORTS"
354,"INTERNATIONAL PASSENGERS",KOLKATA,2017,NOV,210605,CCU,VECC,"18 INTERNATIONAL AIRPORTS"
355,"INTERNATIONAL PASSENGERS",AHMEDABAD,2017,NOV,150550,AMD,VAAH,"18 INTERNATIONAL AIRPORTS"
356,"INTERNATIONAL PASSENGERS",GOA,2017,NOV,108227,GOI,VOGO,"18 INTERNATIONAL AIRPORTS"
357,"INTERNATIONAL PASSENGERS",LUCKNOW,2017,NOV,61008,LKO,VILK,"18 INTERNATIONAL AIRPORTS"
358,"INTERNATIONAL PASSENGERS",TRIVANDRUM,2017,NOV,188130,TRV,VOTV,"18 INTERNATIONAL AIRPORTS"
359,"INTERNATIONAL PASSENGERS",GUWAHATI,2017,NOV,1756,GAU,VEGT,"18 INTERNATIONAL AIRPORTS"
360,"INTERNATIONAL PASSENGERS",JAIPUR,2017,NOV,43683,JAI,VIJP,"18 INTERNATIONAL AIRPORTS"
361,"INTERNATIONAL PASSENGERS",CALICUT,2017,NOV,208304,CCJ,VOCL,"18 INTERNATIONAL AIRPORTS"
362,"INTERNATIONAL PASSENGERS",BHUBANESWAR,2017,NOV,8822,BBI,VEBS,"18 INTERNATIONAL AIRPORTS"
363,"INTERNATIONAL PASSENGERS",COIMBATORE,2017,NOV,17635,CJB,VOCB,"18 INTERNATIONAL AIRPORTS"
364,"INTERNATIONAL PASSENGERS",SRINAGAR,2017,NOV,0,SXR,VISR,"18 INTERNATIONAL AIRPORTS"
365,"INTERNATIONAL PASSENGERS",VARANASI,2017,NOV,14615,VNS,VIBN,"18 INTERNATIONAL AIRPORTS"
2180,"DOMESTIC PASSENGERS",SURAT,2017,NOV,61866,,,AUTO-ADDED
2181,"DOMESTIC PASSENGERS",BHUJ,2017,NOV,16570,,,AUTO-ADDED
2182,"DOMESTIC PASSENGERS",JUHU,2017,NOV,13960,,,AUTO-ADDED
2183,"DOMESTIC PASSENGERS",JABALPUR,2017,NOV,18453,,,AUTO-ADDED
2184,"DOMESTIC PASSENGERS",DIMAPUR,2017,NOV,15433,,,AUTO-ADDED
2185,"DOMESTIC PASSENGERS",GUGGAL,2017,NOV,8796,,,AUTO-ADDED
2186,"DOMESTIC PASSENGERS",TUTICORIN,2017,NOV,7441,,,AUTO-ADDED
2187,"DOMESTIC PASSENGERS",BELGAUM,2017,NOV,14418,,,AUTO-ADDED
2188,"DOMESTIC PASSENGERS",JAMNAGAR,2017,NOV,6391,,,AUTO-ADDED
2189,"DOMESTIC PASSENGERS",KHAJURAHO,2017,NOV,7913,,,AUTO-ADDED
2190,"DOMESTIC PASSENGERS",JORHAT,2017,NOV,6762,,,AUTO-ADDED
2191,"DOMESTIC PASSENGERS",GORAKHPUR,2017,NOV,5352,,,AUTO-ADDED
2192,"DOMESTIC PASSENGERS",ALLAHABAD,2017,NOV,3585,,,AUTO-ADDED
2193,"DOMESTIC PASSENGERS",AGATTI,2017,NOV,3154,,,AUTO-ADDED
2194,"DOMESTIC PASSENGERS",HUBLI,2017,NOV,3573,,,AUTO-ADDED
2195,"DOMESTIC PASSENGERS",BHUNTAR,2017,NOV,2681,,,AUTO-ADDED
2196,"DOMESTIC PASSENGERS",BHAVNAGAR,2017,NOV,2872,,,AUTO-ADDED
2197,"DOMESTIC PASSENGERS",DIU,2017,NOV,1899,,,AUTO-ADDED
2198,"DOMESTIC PASSENGERS",GWALIOR,2017,NOV,2502,,,AUTO-ADDED
2199,"DOMESTIC PASSENGERS",BARAPANI,2017,NOV,1014,,,AUTO-ADDED
2200,"DOMESTIC PASSENGERS",PANTNAGAR,2017,NOV,1077,,,AUTO-ADDED
2201,"DOMESTIC PASSENGERS",LAKHIMPUR,2017,NOV,1249,,,AUTO-ADDED
2202,"DOMESTIC PASSENGERS",AGRA,2017,NOV,1150,,,AUTO-ADDED
2203,"DOMESTIC PASSENGERS",TEZPUR,2017,NOV,742,,,AUTO-ADDED
2204,"DOMESTIC PASSENGERS",BHATINDA,2017,NOV,1008,,,AUTO-ADDED
2205,"DOMESTIC PASSENGERS",PORBANDAR,2017,NOV,4938,,,AUTO-ADDED
2206,"DOMESTIC PASSENGERS",KANPUR,2017,NOV,0,,,AUTO-ADDED
2207,"DOMESTIC PASSENGERS",CUDDAPAH,2017,NOV,3261,,,AUTO-ADDED
2208,"DOMESTIC PASSENGERS",BIKANER,2017,NOV,3332,,,AUTO-ADDED
2209,"DOMESTIC PASSENGERS",JAISALMER,2017,NOV,6205,,,AUTO-ADDED
2210,"DOMESTIC PASSENGERS",LUDHIANA,2017,NOV,656,,,AUTO-ADDED
2211,"DOMESTIC PASSENGERS",KOLHAPUR,2017,NOV,0,,,AUTO-ADDED
2212,"DOMESTIC PASSENGERS",SHIMLA,2017,NOV,982,,,AUTO-ADDED
2213,"DOMESTIC PASSENGERS",LENGPUI,2017,NOV,24150,,,AUTO-ADDED
2214,"DOMESTIC PASSENGERS",DURGAPUR,2017,NOV,0,,,AUTO-ADDED
2215,"DOMESTIC PASSENGERS",NANDED,2017,NOV,2712,,,AUTO-ADDED
2216,"DOMESTIC PASSENGERS",MUNDRA,2017,NOV,0,,,AUTO-ADDED
2449,"DOMESTIC PASSENGERS","OTHER AIRPORTS",2017,Nov,16495,,,AUTO-ADDED
2641,"ANNEXURE-IIIA
INTERNATIONAL PASSENGERS",BANGALORE,2017,MAY,338969,BLR,VOBL,"6 JV INTERNATIONAL AIRPORTS"
2642,"ANNEXURE-IIIA
INTERNATIONAL PASSENGERS",HYDERABAD,2017,MAY,316152,HYD,VOHS,"6 JV INTERNATIONAL AIRPORTS"
2643,"ANNEXURE-IIIA
INTERNATIONAL PASSENGERS",COCHIN,2017,MAY,449307,COK,VOCI,"6 JV INTERNATIONAL AIRPORTS"
2644,"ANNEXURE-IIIA
INTERNATIONAL PASSENGERS",NAGPUR,2017,MAY,10781,NAG,VANP,"6 JV INTERNATIONAL AIRPORTS"
2645,"ANNEXURE-IIIA
INTERNATIONAL PASSENGERS",PUNE,2017,MAY,25319,,,AUTO-ADDED
2646,"ANNEXURE-IIIA
INTERNATIONAL PASSENGERS",VISAKHAPATNAM,2017,MAY,9945,,,AUTO-ADDED
2647,"ANNEXURE-IIIA
INTERNATIONAL PASSENGERS",PATNA,2017,MAY,0,,,AUTO-ADDED
2648,"ANNEXURE-IIIA
INTERNATIONAL PASSENGERS","CHANDIGARH  (JV AIRPORT",2017,MAY,11157,,,AUTO-ADDED
2649,"ANNEXURE-IIIA
INTERNATIONAL PASSENGERS",BAGDOGRA,2017,MAY,3149,,,AUTO-ADDED
2650,"ANNEXURE-IIIA
INTERNATIONAL PASSENGERS",MADURAI,2017,MAY,25202,,,AUTO-ADDED
2651,"ANNEXURE-IIIA
INTERNATIONAL PASSENGERS","(D) 50 DOMESTIC AIRPORTS",2017,MAY,0,,,AUTO-ADDED
2652,"ANNEXURE-IIIA
INTERNATIONAL PASSENGERS","(E) STATE GOVT. / PVT AIRPORTS",2017,MAY,0,,,AUTO-ADDED
2653,"ANNEXURE-IIIA
INTERNATIONAL PASSENGERS","(F) OTHER AIRPORTS",2017,MAY,0,,,AUTO-ADDED
2667,"ANNEXURE-IIIB
DOMESTIC PASSENGERS",BANGALORE,2017,MAY,1847667,BLR,VOBL,"6 JV INTERNATIONAL AIRPORTS"
2668,"ANNEXURE-IIIB
DOMESTIC PASSENGERS",HYDERABAD,2017,MAY,1065930,HYD,VOHS,"6 JV INTERNATIONAL AIRPORTS"
2669,"ANNEXURE-IIIB
DOMESTIC PASSENGERS",COCHIN,2017,MAY,339300,COK,VOCI,"6 JV INTERNATIONAL AIRPORTS"
2670,"ANNEXURE-IIIB
DOMESTIC PASSENGERS",NAGPUR,2017,MAY,174351,NAG,VANP,"6 JV INTERNATIONAL AIRPORTS"
2671,"ANNEXURE-IIIB
DOMESTIC PASSENGERS",PUNE,2017,MAY,647432,,,AUTO-ADDED
2672,"ANNEXURE-IIIB
DOMESTIC PASSENGERS",VISAKHAPATNAM,2017,MAY,221700,,,AUTO-ADDED
2673,"ANNEXURE-IIIB
DOMESTIC PASSENGERS",PATNA,2017,MAY,249894,,,AUTO-ADDED
2674,"ANNEXURE-IIIB
DOMESTIC PASSENGERS","CHANDIGARH  (JV AIRPORT",2017,MAY,217675,,,AUTO-ADDED
2675,"ANNEXURE-IIIB
DOMESTIC PASSENGERS",BAGDOGRA,2017,MAY,214764,,,AUTO-ADDED
2676,"ANNEXURE-IIIB
DOMESTIC PASSENGERS",MADURAI,2017,MAY,93410,,,AUTO-ADDED
2677,"ANNEXURE-IIIB
DOMESTIC PASSENGERS",INDORE,2017,MAY,187134,,,AUTO-ADDED
2678,"ANNEXURE-IIIB
DOMESTIC PASSENGERS",RAIPUR,2017,MAY,114965,,,AUTO-ADDED
2679,"ANNEXURE-IIIB
DOMESTIC PASSENGERS",AGARTALA,2017,MAY,119259,,,AUTO-ADDED
2680,"ANNEXURE-IIIB
DOMESTIC PASSENGERS",JAMMU,2017,MAY,111369,,,AUTO-ADDED
2681,"ANNEXURE-IIIB
DOMESTIC PASSENGERS",VADODARA,2017,MAY,93061,,,AUTO-ADDED
2682,"ANNEXURE-IIIB
DOMESTIC PASSENGERS",UDAIPUR,2017,MAY,77902,,,AUTO-ADDED
2683,"ANNEXURE-IIIB
DOMESTIC PASSENGERS",RANCHI,2017,MAY,123246,,,AUTO-ADDED
2684,"ANNEXURE-IIIB
DOMESTIC PASSENGERS",DEHRADUN,2017,MAY,92054,,,AUTO-ADDED
2685,"ANNEXURE-IIIB
DOMESTIC PASSENGERS",BHOPAL,2017,MAY,60188,,,AUTO-ADDED
2686,"ANNEXURE-IIIB
DOMESTIC PASSENGERS",VIJAYAWADA,2017,MAY,53568,,,AUTO-ADDED
2687,"ANNEXURE-IIIB
DOMESTIC PASSENGERS",LEH,2017,MAY,77810,,,AUTO-ADDED
2688,"ANNEXURE-IIIB
DOMESTIC PASSENGERS",TIRUPATI,2017,MAY,41882,,,AUTO-ADDED
2689,"ANNEXURE-IIIB
DOMESTIC PASSENGERS",RAJKOT,2017,MAY,28733,,,AUTO-ADDED
2690,"ANNEXURE-IIIB
DOMESTIC PASSENGERS",JODHPUR,2017,MAY,33502,,,AUTO-ADDED
2691,"ANNEXURE-IIIB
DOMESTIC PASSENGERS",DIBRUGARH,2017,MAY,28110,,,AUTO-ADDED
2692,"ANNEXURE-IIIB
DOMESTIC PASSENGERS",RAJAHMUNDRY,2017,MAY,23133,,,AUTO-ADDED
2693,"ANNEXURE-IIIB
DOMESTIC PASSENGERS",SILCHAR,2017,MAY,25155,,,AUTO-ADDED
2694,"ANNEXURE-IIIB
DOMESTIC PASSENGERS",SURAT,2017,MAY,40830,,,AUTO-ADDED
2695,"ANNEXURE-IIIB
DOMESTIC PASSENGERS",BHUJ,2017,MAY,10236,,,AUTO-ADDED
2696,"ANNEXURE-IIIB
DOMESTIC PASSENGERS",JUHU,2017,MAY,14088,,,AUTO-ADDED
2697,"ANNEXURE-IIIB
DOMESTIC PASSENGERS",JABALPUR,2017,MAY,19002,,,AUTO-ADDED
2698,"ANNEXURE-IIIB
DOMESTIC PASSENGERS",DIMAPUR,2017,MAY,15686,,,AUTO-ADDED
2699,"ANNEXURE-IIIB
DOMESTIC PASSENGERS",GUGGAL,2017,MAY,12957,,,AUTO-ADDED
2700,"ANNEXURE-IIIB
DOMESTIC PASSENGERS",TUTICORIN,2017,MAY,7917,,,AUTO-ADDED
2701,"ANNEXURE-IIIB
DOMESTIC PASSENGERS",BELGAUM,2017,MAY,8999,,,AUTO-ADDED
2702,"ANNEXURE-IIIB
DOMESTIC PASSENGERS",JAMNAGAR,2017,MAY,6379,,,AUTO-ADDED
2703,"ANNEXURE-IIIB
DOMESTIC PASSENGERS",KHAJURAHO,2017,MAY,1236,,,AUTO-ADDED
2704,"ANNEXURE-IIIB
DOMESTIC PASSENGERS",JORHAT,2017,MAY,6073,,,AUTO-ADDED
2705,"ANNEXURE-IIIB
DOMESTIC PASSENGERS",GORKHPUR,2017,MAY,12772,,,AUTO-ADDED
2706,"ANNEXURE-IIIB
DOMESTIC PASSENGERS",ALLAHABAD,2017,MAY,4064,,,AUTO-ADDED
2707,"ANNEXURE-IIIB
DOMESTIC PASSENGERS",AGATTI,2017,MAY,3916,,,AUTO-ADDED
2708,"ANNEXURE-IIIB
DOMESTIC PASSENGERS",HUBLI,2017,MAY,2140,,,AUTO-ADDED
2709,"ANNEXURE-IIIB
DOMESTIC PASSENGERS",BHUNTAR,2017,MAY,2734,,,AUTO-ADDED
2710,"ANNEXURE-IIIB
DOMESTIC PASSENGERS",BHAVNAGAR,2017,MAY,2566,,,AUTO-ADDED
2711,"ANNEXURE-IIIB
DOMESTIC PASSENGERS",DIU,2017,MAY,1771,,,AUTO-ADDED
2712,"ANNEXURE-IIIB
DOMESTIC PASSENGERS",GWALIOR,2017,MAY,1712,,,AUTO-ADDED
2713,"ANNEXURE-IIIB
DOMESTIC PASSENGERS",BARAPANI,2017,MAY,2207,,,AUTO-ADDED
2714,"ANNEXURE-IIIB
DOMESTIC PASSENGERS",PANTNAGAR,2017,MAY,1674,,,AUTO-ADDED
2715,"ANNEXURE-IIIB
DOMESTIC PASSENGERS",LAKHIMPUR,2017,MAY,1144,,,AUTO-ADDED
2716,"ANNEXURE-IIIB
DOMESTIC PASSENGERS",AGRA,2017,MAY,230,,,AUTO-ADDED
2717,"ANNEXURE-IIIB
DOMESTIC PASSENGERS",TEZPUR,2017,MAY,768,,,AUTO-ADDED
2718,"ANNEXURE-IIIB
DOMESTIC PASSENGERS",BHATINDA,2017,MAY,1294,,,AUTO-ADDED
2719,"ANNEXURE-IIIB
DOMESTIC PASSENGERS",PORBANDAR,2017,MAY,467,,,AUTO-ADDED
2720,"ANNEXURE-IIIB
DOMESTIC PASSENGERS",KANPUR,2017,MAY,1100,,,AUTO-ADDED
2721,"ANNEXURE-IIIB
DOMESTIC PASSENGERS",CUDDAPAH,2017,MAY,2854,,,AUTO-ADDED
2722,"ANNEXURE-IIIB
DOMESTIC PASSENGERS",BIKANER,2017,MAY,174,,,AUTO-ADDED
2723,"ANNEXURE-IIIB
DOMESTIC PASSENGERS",JAISALMER,2017,MAY,0,,,AUTO-ADDED
2724,"ANNEXURE-IIIB
DOMESTIC PASSENGERS",LUDHIANA,2017,MAY,8,,,AUTO-ADDED
2725,"ANNEXURE-IIIB
DOMESTIC PASSENGERS",KOLHAPUR,2017,MAY,0,,,AUTO-ADDED
2726,"ANNEXURE-IIIB
DOMESTIC PASSENGERS",SHIMLA,2017,MAY,1048,,,AUTO-ADDED
2727,"ANNEXURE-IIIB
DOMESTIC PASSENGERS",LENGPUI,2017,MAY,25420,,,AUTO-ADDED
2728,"ANNEXURE-IIIB
DOMESTIC PASSENGERS",DURGAPUR,2017,MAY,1629,,,AUTO-ADDED
2729,"ANNEXURE-IIIB
DOMESTIC PASSENGERS",NANDED,2017,MAY,2198,,,AUTO-ADDED
2730,"ANNEXURE-IIIB
DOMESTIC PASSENGERS",MUNDRA,2017,MAY,0,,,AUTO-ADDED
2731,"ANNEXURE-IIIB
DOMESTIC PASSENGERS","(F) OTHER AIRPORTS",2017,MAY,0,,,AUTO-ADDED
573,"ANNEXURE-IIIA
INTERNATIONAL PASSENGERS",CHENNAI,2017,MAY,492385,MAA,VOMM,"18 INTERNATIONAL AIRPORTS"
574,"ANNEXURE-IIIA
INTERNATIONAL PASSENGERS",KOLKATA,2017,MAY,219015,CCU,VECC,"18 INTERNATIONAL AIRPORTS"
575,"ANNEXURE-IIIA
INTERNATIONAL PASSENGERS",AHMEDABAD,2017,MAY,158001,AMD,VAAH,"18 INTERNATIONAL AIRPORTS"
576,"ANNEXURE-IIIA
INTERNATIONAL PASSENGERS",GOA,2017,MAY,32636,GOI,VOGO,"18 INTERNATIONAL AIRPORTS"
577,"ANNEXURE-IIIA
INTERNATIONAL PASSENGERS",LUCKNOW,2017,MAY,63764,LKO,VILK,"18 INTERNATIONAL AIRPORTS"
578,"ANNEXURE-IIIA
INTERNATIONAL PASSENGERS",TRIVANDRUM,2017,MAY,215381,TRV,VOTV,"18 INTERNATIONAL AIRPORTS"
579,"ANNEXURE-IIIA
INTERNATIONAL PASSENGERS",GUWAHATI,2017,MAY,2099,GAU,VEGT,"18 INTERNATIONAL AIRPORTS"
580,"ANNEXURE-IIIA
INTERNATIONAL PASSENGERS",JAIPUR,2017,MAY,42428,JAI,VIJP,"18 INTERNATIONAL AIRPORTS"
581,"ANNEXURE-IIIA
INTERNATIONAL PASSENGERS",CALICUT,2017,MAY,233257,CCJ,VOCL,"18 INTERNATIONAL AIRPORTS"
582,"ANNEXURE-IIIA
INTERNATIONAL PASSENGERS",BHUBANESWAR,2017,MAY,7308,BBI,VEBS,"18 INTERNATIONAL AIRPORTS"
583,"ANNEXURE-IIIA
INTERNATIONAL PASSENGERS",COIMBATORE,2017,MAY,13400,CJB,VOCB,"18 INTERNATIONAL AIRPORTS"
584,"ANNEXURE-IIIA
INTERNATIONAL PASSENGERS",SRINAGAR,2017,MAY,0,SXR,VISR,"18 INTERNATIONAL AIRPORTS"
585,"ANNEXURE-IIIA
INTERNATIONAL PASSENGERS",VARANASI,2017,MAY,9525,VNS,VIBN,"18 INTERNATIONAL AIRPORTS"
586,"ANNEXURE-IIIA
INTERNATIONAL PASSENGERS",MANGALORE,2017,MAY,68823,IXE,VOML,"18 INTERNATIONAL AIRPORTS"
587,"ANNEXURE-IIIA
INTERNATIONAL PASSENGERS",AMRITSAR,2017,MAY,43393,ATQ,VIAR,"18 INTERNATIONAL AIRPORTS"
588,"ANNEXURE-IIIA
INTERNATIONAL PASSENGERS",TRICHY,2017,MAY,129514,TRZ,VOTR,"18 INTERNATIONAL AIRPORTS"
589,"ANNEXURE-IIIA
INTERNATIONAL PASSENGERS",PORTBLAIR,2017,MAY,0,IXZ,VOPB,"18 INTERNATIONAL AIRPORTS"
590,"ANNEXURE-IIIA
INTERNATIONAL PASSENGERS",IMPHAL,2017,MAY,0,IMF,VEIM,"18 INTERNATIONAL AIRPORTS"
591,"ANNEXURE-IIIA
INTERNATIONAL PASSENGERS","DELHI (DIAL)",2017,MAY,1333573,DEL,VIDP,"6 JV INTERNATIONAL AIRPORTS"
592,"ANNEXURE-IIIA
INTERNATIONAL PASSENGERS","MUMBAI (MIAL)",2017,MAY,1220795,BOM,VABB,"6 JV INTERNATIONAL AIRPORTS"
593,"ANNEXURE-IIIA
INTERNATIONAL PASSENGERS",AURANGABAD,2017,MAY,0,IXU,VAAU,"8 CUSTOM AIRPORTS"
594,"ANNEXURE-IIIA
INTERNATIONAL PASSENGERS",GAYA,2017,MAY,683,GAY,VEGY,"8 CUSTOM AIRPORTS"
617,"ANNEXURE-IIIB
DOMESTIC PASSENGERS",CHENNAI,2017,MAY,1281038,MAA,VOMM,"18 INTERNATIONAL AIRPORTS"
618,"ANNEXURE-IIIB
DOMESTIC PASSENGERS",KOLKATA,2017,MAY,1422796,CCU,VECC,"18 INTERNATIONAL AIRPORTS"
619,"ANNEXURE-IIIB
DOMESTIC PASSENGERS",AHMEDABAD,2017,MAY,617059,AMD,VAAH,"18 INTERNATIONAL AIRPORTS"
620,"ANNEXURE-IIIB
DOMESTIC PASSENGERS",GOA,2017,MAY,559169,GOI,VOGO,"18 INTERNATIONAL AIRPORTS"
621,"ANNEXURE-IIIB
DOMESTIC PASSENGERS",LUCKNOW,2017,MAY,305857,LKO,VILK,"18 INTERNATIONAL AIRPORTS"
622,"ANNEXURE-IIIB
DOMESTIC PASSENGERS",TRIVANDRUM,2017,MAY,158190,TRV,VOTV,"18 INTERNATIONAL AIRPORTS"
623,"ANNEXURE-IIIB
DOMESTIC PASSENGERS",GUWAHATI,2017,MAY,381658,GAU,VEGT,"18 INTERNATIONAL AIRPORTS"
624,"ANNEXURE-IIIB
DOMESTIC PASSENGERS",JAIPUR,2017,MAY,301542,JAI,VIJP,"18 INTERNATIONAL AIRPORTS"
625,"ANNEXURE-IIIB
DOMESTIC PASSENGERS",CALICUT,2017,MAY,46012,CCJ,VOCL,"18 INTERNATIONAL AIRPORTS"
626,"ANNEXURE-IIIB
DOMESTIC PASSENGERS",BHUBANESWAR,2017,MAY,246358,BBI,VEBS,"18 INTERNATIONAL AIRPORTS"
627,"ANNEXURE-IIIB
DOMESTIC PASSENGERS",COIMBATORE,2017,MAY,192479,CJB,VOCB,"18 INTERNATIONAL AIRPORTS"
628,"ANNEXURE-IIIB
DOMESTIC PASSENGERS",SRINAGAR,2017,MAY,237690,SXR,VISR,"18 INTERNATIONAL AIRPORTS"
629,"ANNEXURE-IIIB
DOMESTIC PASSENGERS",VARANASI,2017,MAY,128597,VNS,VIBN,"18 INTERNATIONAL AIRPORTS"
630,"ANNEXURE-IIIB
DOMESTIC PASSENGERS",MANGALORE,2017,MAY,125074,IXE,VOML,"18 INTERNATIONAL AIRPORTS"
631,"ANNEXURE-IIIB
DOMESTIC PASSENGERS",AMRITSAR,2017,MAY,114987,ATQ,VIAR,"18 INTERNATIONAL AIRPORTS"
632,"ANNEXURE-IIIB
DOMESTIC PASSENGERS",TRICHY,2017,MAY,9632,TRZ,VOTR,"18 INTERNATIONAL AIRPORTS"
633,"ANNEXURE-IIIB
DOMESTIC PASSENGERS",PORTBLAIR,2017,MAY,133857,IXZ,VOPB,"18 INTERNATIONAL AIRPORTS"
634,"ANNEXURE-IIIB
DOMESTIC PASSENGERS",IMPHAL,2017,MAY,82376,IMF,VEIM,"18 INTERNATIONAL AIRPORTS"
635,"ANNEXURE-IIIB
DOMESTIC PASSENGERS","DELHI (DIAL)",2017,MAY,4097748,DEL,VIDP,"6 JV INTERNATIONAL AIRPORTS"
636,"ANNEXURE-IIIB
DOMESTIC PASSENGERS","MUMBAI (MIAL)",2017,MAY,2994953,BOM,VABB,"6 JV INTERNATIONAL AIRPORTS"
637,"ANNEXURE-IIIB
DOMESTIC PASSENGERS",AURANGABAD,2017,MAY,26414,IXU,VAAU,"8 CUSTOM AIRPORTS"
638,"ANNEXURE-IIIB
DOMESTIC PASSENGERS",GAYA,2017,MAY,2960,GAY,VEGY,"8 CUSTOM AIRPORTS"
2437,"DOMESTIC PASSENGERS","OTHER AIRPORTS",2017,March,1179,,,AUTO-ADDED
1249,"INTERNATIONAL PASSENGERS",CHENNAI,2017,March,411041,MAA,VOMM,"18 INTERNATIONAL AIRPORTS"
1250,"INTERNATIONAL PASSENGERS",KOLKATA,2017,March,207888,CCU,VECC,"18 INTERNATIONAL AIRPORTS"
1251,"INTERNATIONAL PASSENGERS",AHMEDABAD,2017,March,141553,AMD,VAAH,"18 INTERNATIONAL AIRPORTS"
1252,"INTERNATIONAL PASSENGERS",GOA,2017,March,110344,GOI,VOGO,"18 INTERNATIONAL AIRPORTS"
1253,"INTERNATIONAL PASSENGERS",TRIVANDRUM,2017,March,191061,TRV,VOTV,"18 INTERNATIONAL AIRPORTS"
1254,"INTERNATIONAL PASSENGERS",LUCKNOW,2017,March,59239,LKO,VILK,"18 INTERNATIONAL AIRPORTS"
1255,"INTERNATIONAL PASSENGERS",JAIPUR,2017,March,47286,JAI,VIJP,"18 INTERNATIONAL AIRPORTS"
1256,"INTERNATIONAL PASSENGERS",GUWAHATI,2017,March,1564,GAU,VEGT,"18 INTERNATIONAL AIRPORTS"
1257,"INTERNATIONAL PASSENGERS",SRINAGAR,2017,March,0,SXR,VISR,"18 INTERNATIONAL AIRPORTS"
1258,"INTERNATIONAL PASSENGERS",CALICUT,2017,March,207943,CCJ,VOCL,"18 INTERNATIONAL AIRPORTS"
1259,"INTERNATIONAL PASSENGERS",BHUBANESWAR,2017,March,2066,BBI,VEBS,"18 INTERNATIONAL AIRPORTS"
1260,"INTERNATIONAL PASSENGERS",COIMBATORE,2017,March,10278,CJB,VOCB,"18 INTERNATIONAL AIRPORTS"
1261,"INTERNATIONAL PASSENGERS",MANGALORE,2017,March,59814,IXE,VOML,"18 INTERNATIONAL AIRPORTS"
1262,"INTERNATIONAL PASSENGERS",VARANASI,2017,March,8872,VNS,VIBN,"18 INTERNATIONAL AIRPORTS"
1263,"INTERNATIONAL PASSENGERS",TRICHY,2017,March,100116,TRZ,VOTR,"18 INTERNATIONAL AIRPORTS"
1264,"INTERNATIONAL PASSENGERS",AMRITSAR,2017,March,43697,ATQ,VIAR,"18 INTERNATIONAL AIRPORTS"
1265,"INTERNATIONAL PASSENGERS",PORTBLAIR,2017,March,88,IXZ,VOPB,"18 INTERNATIONAL AIRPORTS"
1266,"INTERNATIONAL PASSENGERS",IMPHAL,2017,March,0,IMF,VEIM,"18 INTERNATIONAL AIRPORTS"
1267,"INTERNATIONAL PASSENGERS","DELHI (DIAL)",2017,March,1448930,DEL,VIDP,"6 JV INTERNATIONAL AIRPORTS"
1268,"INTERNATIONAL PASSENGERS","MUMBAI (MIAL)",2017,March,1037792,BOM,VABB,"6 JV INTERNATIONAL AIRPORTS"
1269,"INTERNATIONAL PASSENGERS",BANGALORE,2017,March,284247,BLR,VOBL,"6 JV INTERNATIONAL AIRPORTS"
1270,"INTERNATIONAL PASSENGERS",HYDERABAD,2017,March,264465,HYD,VOHS,"6 JV INTERNATIONAL AIRPORTS"
1271,"INTERNATIONAL PASSENGERS",COCHIN,2017,March,402558,COK,VOCI,"6 JV INTERNATIONAL AIRPORTS"
1272,"INTERNATIONAL PASSENGERS",NAGPUR,2017,March,7487,NAG,VANP,"6 JV INTERNATIONAL AIRPORTS"
1273,"INTERNATIONAL PASSENGERS",CHANDIGARH,2017,March,14051,IXC,VICG,"8 CUSTOM AIRPORTS"
1274,"INTERNATIONAL PASSENGERS",PUNE,2017,March,23173,,,AUTO-ADDED
1275,"INTERNATIONAL PASSENGERS",VISAKHAPATNAM,2017,March,8254,,,AUTO-ADDED
1276,"INTERNATIONAL PASSENGERS",PATNA,2017,March,0,,,AUTO-ADDED
1277,"INTERNATIONAL PASSENGERS",BAGDOGRA,2017,March,2137,,,AUTO-ADDED
1278,"INTERNATIONAL PASSENGERS",MADURAI,2017,March,22322,,,AUTO-ADDED
1279,"INTERNATIONAL PASSENGERS",AURANGABAD,2017,March,0,IXU,VAAU,"8 CUSTOM AIRPORTS"
1280,"INTERNATIONAL PASSENGERS",GAYA,2017,March,17645,GAY,VEGY,"8 CUSTOM AIRPORTS"
1281,"DOMESTIC PASSENGERS",CHENNAI,2017,March,1161219,MAA,VOMM,"18 INTERNATIONAL AIRPORTS"
1282,"DOMESTIC PASSENGERS",KOLKATA,2017,March,1255713,CCU,VECC,"18 INTERNATIONAL AIRPORTS"
1283,"DOMESTIC PASSENGERS",AHMEDABAD,2017,March,505382,AMD,VAAH,"18 INTERNATIONAL AIRPORTS"
1284,"DOMESTIC PASSENGERS",GOA,2017,March,570953,GOI,VOGO,"18 INTERNATIONAL AIRPORTS"
1285,"DOMESTIC PASSENGERS",TRIVANDRUM,2017,March,115530,TRV,VOTV,"18 INTERNATIONAL AIRPORTS"
1286,"DOMESTIC PASSENGERS",LUCKNOW,2017,March,295450,LKO,VILK,"18 INTERNATIONAL AIRPORTS"
1287,"DOMESTIC PASSENGERS",JAIPUR,2017,March,288593,JAI,VIJP,"18 INTERNATIONAL AIRPORTS"
1288,"DOMESTIC PASSENGERS",GUWAHATI,2017,March,352934,GAU,VEGT,"18 INTERNATIONAL AIRPORTS"
1289,"DOMESTIC PASSENGERS",SRINAGAR,2017,March,188098,SXR,VISR,"18 INTERNATIONAL AIRPORTS"
1290,"DOMESTIC PASSENGERS",CALICUT,2017,March,39302,CCJ,VOCL,"18 INTERNATIONAL AIRPORTS"
1291,"DOMESTIC PASSENGERS",BHUBANESWAR,2017,March,218099,BBI,VEBS,"18 INTERNATIONAL AIRPORTS"
1292,"DOMESTIC PASSENGERS",COIMBATORE,2017,March,163070,CJB,VOCB,"18 INTERNATIONAL AIRPORTS"
1293,"DOMESTIC PASSENGERS",MANGALORE,2017,March,76652,IXE,VOML,"18 INTERNATIONAL AIRPORTS"
1294,"DOMESTIC PASSENGERS",VARANASI,2017,March,153150,VNS,VIBN,"18 INTERNATIONAL AIRPORTS"
1295,"DOMESTIC PASSENGERS",TRICHY,2017,March,11882,TRZ,VOTR,"18 INTERNATIONAL AIRPORTS"
1296,"DOMESTIC PASSENGERS",AMRITSAR,2017,March,98803,ATQ,VIAR,"18 INTERNATIONAL AIRPORTS"
1297,"DOMESTIC PASSENGERS",PORTBLAIR,2017,March,121858,IXZ,VOPB,"18 INTERNATIONAL AIRPORTS"
1298,"DOMESTIC PASSENGERS",IMPHAL,2017,March,78993,IMF,VEIM,"18 INTERNATIONAL AIRPORTS"
1299,"DOMESTIC PASSENGERS","DELHI (DIAL)",2017,March,3737036,DEL,VIDP,"6 JV INTERNATIONAL AIRPORTS"
1300,"DOMESTIC PASSENGERS","MUMBAI (MIAL)",2017,March,2636364,BOM,VABB,"6 JV INTERNATIONAL AIRPORTS"
1301,"DOMESTIC PASSENGERS",BANGALORE,2017,March,1439540,BLR,VOBL,"6 JV INTERNATIONAL AIRPORTS"
1302,"DOMESTIC PASSENGERS",HYDERABAD,2017,March,1042748,HYD,VOHS,"6 JV INTERNATIONAL AIRPORTS"
1303,"DOMESTIC PASSENGERS",COCHIN,2017,March,307159,COK,VOCI,"6 JV INTERNATIONAL AIRPORTS"
1304,"DOMESTIC PASSENGERS",NAGPUR,2017,March,146485,NAG,VANP,"6 JV INTERNATIONAL AIRPORTS"
1305,"DOMESTIC PASSENGERS",CHANDIGARH,2017,March,189578,IXC,VICG,"8 CUSTOM AIRPORTS"
1306,"DOMESTIC PASSENGERS",PUNE,2017,March,577508,,,AUTO-ADDED
1307,"DOMESTIC PASSENGERS",VISAKHAPATNAM,2017,March,182421,,,AUTO-ADDED
1308,"DOMESTIC PASSENGERS",PATNA,2017,March,213542,,,AUTO-ADDED
1309,"DOMESTIC PASSENGERS",BAGDOGRA,2017,March,177891,,,AUTO-ADDED
1310,"DOMESTIC PASSENGERS",MADURAI,2017,March,72384,,,AUTO-ADDED
1311,"DOMESTIC PASSENGERS",AURANGABAD,2017,March,27827,IXU,VAAU,"8 CUSTOM AIRPORTS"
1312,"DOMESTIC PASSENGERS",GAYA,2017,March,4254,GAY,VEGY,"8 CUSTOM AIRPORTS"
1313,"DOMESTIC PASSENGERS",INDORE,2017,March,163996,,,AUTO-ADDED
1314,"DOMESTIC PASSENGERS",RAIPUR,2017,March,122204,,,AUTO-ADDED
1315,"DOMESTIC PASSENGERS",JAMMU,2017,March,118707,,,AUTO-ADDED
1316,"DOMESTIC PASSENGERS",VADODARA,2017,March,83236,,,AUTO-ADDED
1317,"DOMESTIC PASSENGERS",AGARTALA,2017,March,99970,,,AUTO-ADDED
1318,"DOMESTIC PASSENGERS",RANCHI,2017,March,105095,,,AUTO-ADDED
1319,"DOMESTIC PASSENGERS",UDAIPUR,2017,March,89887,,,AUTO-ADDED
1320,"DOMESTIC PASSENGERS",BHOPAL,2017,March,51487,,,AUTO-ADDED
1321,"DOMESTIC PASSENGERS",DEHRADUN,2017,March,93909,,,AUTO-ADDED
1322,"DOMESTIC PASSENGERS",RAJKOT,2017,March,33135,,,AUTO-ADDED
1323,"DOMESTIC PASSENGERS",LEH,2017,March,42767,,,AUTO-ADDED
1324,"DOMESTIC PASSENGERS",VIJAYAWADA,2017,March,51148,,,AUTO-ADDED
1325,"DOMESTIC PASSENGERS",TIRUPATI,2017,March,39754,,,AUTO-ADDED
1326,"DOMESTIC PASSENGERS",DIBRUGARH,2017,March,26749,,,AUTO-ADDED
1327,"DOMESTIC PASSENGERS",JODHPUR,2017,March,35966,,,AUTO-ADDED
1328,"DOMESTIC PASSENGERS",RAJAHMUNDRY,2017,March,20523,,,AUTO-ADDED
1329,"DOMESTIC PASSENGERS",SILCHAR,2017,March,23258,,,AUTO-ADDED
1330,"DOMESTIC PASSENGERS",JUHU,2017,March,14986,,,AUTO-ADDED
1331,"DOMESTIC PASSENGERS",JABALPUR,2017,March,17960,,,AUTO-ADDED
1332,"DOMESTIC PASSENGERS",BHUJ,2017,March,14803,,,AUTO-ADDED
1333,"DOMESTIC PASSENGERS",BELGAUM,2017,March,8660,,,AUTO-ADDED
1334,"DOMESTIC PASSENGERS",DIMAPUR,2017,March,12742,,,AUTO-ADDED
1335,"DOMESTIC PASSENGERS",SURAT,2017,March,23367,,,AUTO-ADDED
1336,"DOMESTIC PASSENGERS",TUTICORIN,2017,March,10691,,,AUTO-ADDED
1337,"DOMESTIC PASSENGERS",JAMNAGAR,2017,March,5013,,,AUTO-ADDED
1338,"DOMESTIC PASSENGERS",GUGGAL,2017,March,8997,,,AUTO-ADDED
1339,"DOMESTIC PASSENGERS",KHAJURAHO,2017,March,7058,,,AUTO-ADDED
1340,"DOMESTIC PASSENGERS",ALLAHABAD,2017,March,3846,,,AUTO-ADDED
1341,"DOMESTIC PASSENGERS",JORHAT,2017,March,5638,,,AUTO-ADDED
1342,"DOMESTIC PASSENGERS",BHAVNAGAR,2017,March,2325,,,AUTO-ADDED
1343,"DOMESTIC PASSENGERS",HUBLI,2017,March,1524,,,AUTO-ADDED
1344,"DOMESTIC PASSENGERS",AGATTI,2017,March,2497,,,AUTO-ADDED
1345,"DOMESTIC PASSENGERS",BHUNTAR,2017,March,3183,,,AUTO-ADDED
1346,"DOMESTIC PASSENGERS",PORBANDAR,2017,March,919,,,AUTO-ADDED
1347,"DOMESTIC PASSENGERS",BARAPANI,2017,March,999,,,AUTO-ADDED
1348,"DOMESTIC PASSENGERS",GORKHPUR,2017,March,11143,,,AUTO-ADDED
1349,"DOMESTIC PASSENGERS",AGRA,2017,March,436,,,AUTO-ADDED
1350,"DOMESTIC PASSENGERS",GWALIOR,2017,March,1727,,,AUTO-ADDED
1351,"DOMESTIC PASSENGERS",PANTNAGAR,2017,March,1530,,,AUTO-ADDED
1352,"DOMESTIC PASSENGERS",LAKHIMPUR,2017,March,970,,,AUTO-ADDED
1353,"DOMESTIC PASSENGERS",PONDICHERRY,2017,March,0,,,AUTO-ADDED
1354,"DOMESTIC PASSENGERS",TEZPUR,2017,March,712,,,AUTO-ADDED
1355,"DOMESTIC PASSENGERS",CUDDAPAH,2017,March,4,,,AUTO-ADDED
1356,"DOMESTIC PASSENGERS",MYSORE,2017,March,5,,,AUTO-ADDED
1357,"DOMESTIC PASSENGERS",KANPUR,2017,March,948,,,AUTO-ADDED
1358,"DOMESTIC PASSENGERS",LENGPUI,2017,March,23734,,,AUTO-ADDED
1359,"DOMESTIC PASSENGERS",DIU,2017,March,1525,,,AUTO-ADDED
1360,"DOMESTIC PASSENGERS",DURGAPUR,2017,March,1415,,,AUTO-ADDED
1361,"DOMESTIC PASSENGERS",NANDED,2017,March,0,,,AUTO-ADDED
1362,"DOMESTIC PASSENGERS",MUNDRA,2017,March,0,,,AUTO-ADDED
2599,"INTERNATIONAL PASSENGERS","(D) 48 DOMESTIC AIRPORTS",2017,March,55,,,AUTO-ADDED
2600,"INTERNATIONAL PASSENGERS","(E) STATE GOVT. / PVT AIRPORTS",2017,March,0,,,AUTO-ADDED
2601,"INTERNATIONAL PASSENGERS","(F) OTHER AIRPORTS",2017,March,0,,,AUTO-ADDED
2611,"INTERNATIONAL PASSENGERS","(D) 48 DOMESTIC AIRPORTS",2017,JUNE,0,,,AUTO-ADDED
2612,"INTERNATIONAL PASSENGERS","(E) STATE GOVT. / PVT AIRPORTS",2017,JUNE,0,,,AUTO-ADDED
2613,"INTERNATIONAL PASSENGERS","(F) OTHER AIRPORTS",2017,JUNE,0,,,AUTO-ADDED
2441,"DOMESTIC PASSENGERS","OTHER AIRPORTS",2017,JUNE,12,,,AUTO-ADDED
1679,"INTERNATIONAL PASSENGERS",BANGALORE,2017,JUNE,290102,BLR,VOBL,"6 JV INTERNATIONAL AIRPORTS"
1680,"INTERNATIONAL PASSENGERS",HYDERABAD,2017,JUNE,287014,HYD,VOHS,"6 JV INTERNATIONAL AIRPORTS"
1681,"INTERNATIONAL PASSENGERS",COCHIN,2017,JUNE,395138,COK,VOCI,"6 JV INTERNATIONAL AIRPORTS"
1682,"INTERNATIONAL PASSENGERS",NAGPUR,2017,JUNE,9948,NAG,VANP,"6 JV INTERNATIONAL AIRPORTS"
1683,"INTERNATIONAL PASSENGERS",PUNE,2017,JUNE,19629,,,AUTO-ADDED
1684,"INTERNATIONAL PASSENGERS",VISAKHAPATNAM,2017,JUNE,9150,,,AUTO-ADDED
1685,"INTERNATIONAL PASSENGERS",PATNA,2017,JUNE,0,,,AUTO-ADDED
1686,"INTERNATIONAL PASSENGERS",CHANDIGARH,2017,JUNE,13401,IXC,VICG,"8 CUSTOM AIRPORTS"
1687,"INTERNATIONAL PASSENGERS",BAGDOGRA,2017,JUNE,3183,,,AUTO-ADDED
1688,"INTERNATIONAL PASSENGERS",MADURAI,2017,JUNE,23578,,,AUTO-ADDED
1689,"DOMESTIC PASSENGERS",BANGALORE,2017,JUNE,1757678,BLR,VOBL,"6 JV INTERNATIONAL AIRPORTS"
1690,"DOMESTIC PASSENGERS",HYDERABAD,2017,JUNE,1084587,HYD,VOHS,"6 JV INTERNATIONAL AIRPORTS"
1691,"DOMESTIC PASSENGERS",COCHIN,2017,JUNE,356887,COK,VOCI,"6 JV INTERNATIONAL AIRPORTS"
1692,"DOMESTIC PASSENGERS",NAGPUR,2017,JUNE,166272,NAG,VANP,"6 JV INTERNATIONAL AIRPORTS"
1693,"DOMESTIC PASSENGERS",PUNE,2017,JUNE,623947,,,AUTO-ADDED
1694,"DOMESTIC PASSENGERS",VISAKHAPATNAM,2017,JUNE,199826,,,AUTO-ADDED
1695,"DOMESTIC PASSENGERS",PATNA,2017,JUNE,235257,,,AUTO-ADDED
1696,"DOMESTIC PASSENGERS",CHANDIGARH,2017,JUNE,203293,IXC,VICG,"8 CUSTOM AIRPORTS"
1697,"DOMESTIC PASSENGERS",BAGDOGRA,2017,JUNE,197896,,,AUTO-ADDED
1698,"DOMESTIC PASSENGERS",MADURAI,2017,JUNE,84290,,,AUTO-ADDED
1699,"DOMESTIC PASSENGERS",INDORE,2017,JUNE,180888,,,AUTO-ADDED
1700,"DOMESTIC PASSENGERS",RAIPUR,2017,JUNE,106963,,,AUTO-ADDED
1701,"DOMESTIC PASSENGERS",AGARTALA,2017,JUNE,103408,,,AUTO-ADDED
1702,"DOMESTIC PASSENGERS",JAMMU,2017,JUNE,116914,,,AUTO-ADDED
1703,"DOMESTIC PASSENGERS",VADODARA,2017,JUNE,79997,,,AUTO-ADDED
1704,"DOMESTIC PASSENGERS",UDAIPUR,2017,JUNE,77427,,,AUTO-ADDED
1705,"DOMESTIC PASSENGERS",RANCHI,2017,JUNE,119448,,,AUTO-ADDED
1706,"DOMESTIC PASSENGERS",DEHRADUN,2017,JUNE,91904,,,AUTO-ADDED
1707,"DOMESTIC PASSENGERS",BHOPAL,2017,JUNE,56524,,,AUTO-ADDED
1708,"DOMESTIC PASSENGERS",VIJAYAWADA,2017,JUNE,52926,,,AUTO-ADDED
1709,"DOMESTIC PASSENGERS",LEH,2017,JUNE,90895,,,AUTO-ADDED
1710,"DOMESTIC PASSENGERS",TIRUPATI,2017,JUNE,42242,,,AUTO-ADDED
1711,"DOMESTIC PASSENGERS",RAJKOT,2017,JUNE,26764,,,AUTO-ADDED
1712,"DOMESTIC PASSENGERS",JODHPUR,2017,JUNE,32934,,,AUTO-ADDED
1713,"DOMESTIC PASSENGERS",DIBRUGARH,2017,JUNE,28349,,,AUTO-ADDED
1714,"DOMESTIC PASSENGERS",RAJAHMUNDRY,2017,JUNE,21408,,,AUTO-ADDED
1715,"DOMESTIC PASSENGERS",SILCHAR,2017,JUNE,25216,,,AUTO-ADDED
1716,"DOMESTIC PASSENGERS",SURAT,2017,JUNE,50625,,,AUTO-ADDED
1717,"DOMESTIC PASSENGERS",BHUJ,2017,JUNE,12583,,,AUTO-ADDED
1718,"DOMESTIC PASSENGERS",JUHU,2017,JUNE,13226,,,AUTO-ADDED
1719,"DOMESTIC PASSENGERS",JABALPUR,2017,JUNE,17743,,,AUTO-ADDED
1720,"DOMESTIC PASSENGERS",DIMAPUR,2017,JUNE,15159,,,AUTO-ADDED
1721,"DOMESTIC PASSENGERS",GUGGAL,2017,JUNE,12423,,,AUTO-ADDED
1722,"DOMESTIC PASSENGERS",TUTICORIN,2017,JUNE,7909,,,AUTO-ADDED
1723,"DOMESTIC PASSENGERS",BELGAUM,2017,JUNE,8551,,,AUTO-ADDED
1724,"DOMESTIC PASSENGERS",JAMNAGAR,2017,JUNE,5587,,,AUTO-ADDED
1725,"DOMESTIC PASSENGERS",KHAJURAHO,2017,JUNE,1135,,,AUTO-ADDED
1726,"DOMESTIC PASSENGERS",JORHAT,2017,JUNE,5791,,,AUTO-ADDED
1727,"DOMESTIC PASSENGERS",GORKHPUR,2017,JUNE,12066,,,AUTO-ADDED
1728,"DOMESTIC PASSENGERS",ALLAHABAD,2017,JUNE,3599,,,AUTO-ADDED
1729,"DOMESTIC PASSENGERS",AGATTI,2017,JUNE,2619,,,AUTO-ADDED
1730,"DOMESTIC PASSENGERS",HUBLI,2017,JUNE,2294,,,AUTO-ADDED
1731,"DOMESTIC PASSENGERS",BHUNTAR,2017,JUNE,2500,,,AUTO-ADDED
1732,"DOMESTIC PASSENGERS",BHAVNAGAR,2017,JUNE,2636,,,AUTO-ADDED
1733,"DOMESTIC PASSENGERS",DIU,2017,JUNE,1403,,,AUTO-ADDED
1734,"DOMESTIC PASSENGERS",GWALIOR,2017,JUNE,1986,,,AUTO-ADDED
1735,"DOMESTIC PASSENGERS",BARAPANI,2017,JUNE,1074,,,AUTO-ADDED
1736,"DOMESTIC PASSENGERS",PANTNAGAR,2017,JUNE,1575,,,AUTO-ADDED
1737,"DOMESTIC PASSENGERS",LAKHIMPUR,2017,JUNE,961,,,AUTO-ADDED
1738,"DOMESTIC PASSENGERS",AGRA,2017,JUNE,278,,,AUTO-ADDED
1739,"DOMESTIC PASSENGERS",TEZPUR,2017,JUNE,663,,,AUTO-ADDED
1740,"DOMESTIC PASSENGERS",BHATINDA,2017,JUNE,1302,,,AUTO-ADDED
1741,"DOMESTIC PASSENGERS",PORBANDAR,2017,JUNE,441,,,AUTO-ADDED
1742,"DOMESTIC PASSENGERS",KANPUR,2017,JUNE,0,,,AUTO-ADDED
1743,"DOMESTIC PASSENGERS",CUDDAPAH,2017,JUNE,2483,,,AUTO-ADDED
1744,"DOMESTIC PASSENGERS",BIKANER,2017,JUNE,177,,,AUTO-ADDED
1745,"DOMESTIC PASSENGERS",JAISALMER,2017,JUNE,0,,,AUTO-ADDED
1746,"DOMESTIC PASSENGERS",LUDHIANA,2017,JUNE,10,,,AUTO-ADDED
1747,"DOMESTIC PASSENGERS",KOLHAPUR,2017,JUNE,0,,,AUTO-ADDED
1748,"DOMESTIC PASSENGERS",SHIMLA,2017,JUNE,853,,,AUTO-ADDED
1749,"DOMESTIC PASSENGERS",LENGPUI,2017,JUNE,25040,,,AUTO-ADDED
1750,"DOMESTIC PASSENGERS",DURGAPUR,2017,JUNE,1443,,,AUTO-ADDED
1751,"DOMESTIC PASSENGERS",NANDED,2017,JUNE,1940,,,AUTO-ADDED
1752,"DOMESTIC PASSENGERS",MUNDRA,2017,JUNE,0,,,AUTO-ADDED
67,"INTERNATIONAL PASSENGERS",CHENNAI,2017,JUNE,452055,MAA,VOMM,"18 INTERNATIONAL AIRPORTS"
68,"INTERNATIONAL PASSENGERS",KOLKATA,2017,JUNE,200130,CCU,VECC,"18 INTERNATIONAL AIRPORTS"
69,"INTERNATIONAL PASSENGERS",AHMEDABAD,2017,JUNE,135723,AMD,VAAH,"18 INTERNATIONAL AIRPORTS"
70,"INTERNATIONAL PASSENGERS",GOA,2017,JUNE,21794,GOI,VOGO,"18 INTERNATIONAL AIRPORTS"
71,"INTERNATIONAL PASSENGERS",LUCKNOW,2017,JUNE,55906,LKO,VILK,"18 INTERNATIONAL AIRPORTS"
72,"INTERNATIONAL PASSENGERS",TRIVANDRUM,2017,JUNE,183129,TRV,VOTV,"18 INTERNATIONAL AIRPORTS"
73,"INTERNATIONAL PASSENGERS",GUWAHATI,2017,JUNE,1786,GAU,VEGT,"18 INTERNATIONAL AIRPORTS"
74,"INTERNATIONAL PASSENGERS",JAIPUR,2017,JUNE,38055,JAI,VIJP,"18 INTERNATIONAL AIRPORTS"
75,"INTERNATIONAL PASSENGERS",CALICUT,2017,JUNE,189653,CCJ,VOCL,"18 INTERNATIONAL AIRPORTS"
76,"INTERNATIONAL PASSENGERS",BHUBANESWAR,2017,JUNE,7286,BBI,VEBS,"18 INTERNATIONAL AIRPORTS"
77,"INTERNATIONAL PASSENGERS",COIMBATORE,2017,JUNE,12502,CJB,VOCB,"18 INTERNATIONAL AIRPORTS"
78,"INTERNATIONAL PASSENGERS",SRINAGAR,2017,JUNE,0,SXR,VISR,"18 INTERNATIONAL AIRPORTS"
79,"INTERNATIONAL PASSENGERS",VARANASI,2017,JUNE,8134,VNS,VIBN,"18 INTERNATIONAL AIRPORTS"
80,"INTERNATIONAL PASSENGERS",MANGALORE,2017,JUNE,55071,IXE,VOML,"18 INTERNATIONAL AIRPORTS"
81,"INTERNATIONAL PASSENGERS",AMRITSAR,2017,JUNE,47574,ATQ,VIAR,"18 INTERNATIONAL AIRPORTS"
82,"INTERNATIONAL PASSENGERS",TRICHY,2017,JUNE,121807,TRZ,VOTR,"18 INTERNATIONAL AIRPORTS"
83,"INTERNATIONAL PASSENGERS",PORTBLAIR,2017,JUNE,0,IXZ,VOPB,"18 INTERNATIONAL AIRPORTS"
84,"INTERNATIONAL PASSENGERS",IMPHAL,2017,JUNE,0,IMF,VEIM,"18 INTERNATIONAL AIRPORTS"
85,"INTERNATIONAL PASSENGERS","DELHI (DIAL)",2017,JUNE,1368068,DEL,VIDP,"6 JV INTERNATIONAL AIRPORTS"
86,"INTERNATIONAL PASSENGERS","MUMBAI (MIAL)",2017,JUNE,1078723,BOM,VABB,"6 JV INTERNATIONAL AIRPORTS"
87,"INTERNATIONAL PASSENGERS",AURANGABAD,2017,JUNE,0,IXU,VAAU,"8 CUSTOM AIRPORTS"
88,"INTERNATIONAL PASSENGERS",GAYA,2017,JUNE,344,GAY,VEGY,"8 CUSTOM AIRPORTS"
89,"DOMESTIC PASSENGERS",CHENNAI,2017,JUNE,1155771,MAA,VOMM,"18 INTERNATIONAL AIRPORTS"
90,"DOMESTIC PASSENGERS",KOLKATA,2017,JUNE,1314802,CCU,VECC,"18 INTERNATIONAL AIRPORTS"
91,"DOMESTIC PASSENGERS",AHMEDABAD,2017,JUNE,550456,AMD,VAAH,"18 INTERNATIONAL AIRPORTS"
92,"DOMESTIC PASSENGERS",GOA,2017,JUNE,539589,GOI,VOGO,"18 INTERNATIONAL AIRPORTS"
93,"DOMESTIC PASSENGERS",LUCKNOW,2017,JUNE,303019,LKO,VILK,"18 INTERNATIONAL AIRPORTS"
94,"DOMESTIC PASSENGERS",TRIVANDRUM,2017,JUNE,150578,TRV,VOTV,"18 INTERNATIONAL AIRPORTS"
95,"DOMESTIC PASSENGERS",GUWAHATI,2017,JUNE,364474,GAU,VEGT,"18 INTERNATIONAL AIRPORTS"
96,"DOMESTIC PASSENGERS",JAIPUR,2017,JUNE,290603,JAI,VIJP,"18 INTERNATIONAL AIRPORTS"
97,"DOMESTIC PASSENGERS",CALICUT,2017,JUNE,36805,CCJ,VOCL,"18 INTERNATIONAL AIRPORTS"
98,"DOMESTIC PASSENGERS",BHUBANESWAR,2017,JUNE,217628,BBI,VEBS,"18 INTERNATIONAL AIRPORTS"
99,"DOMESTIC PASSENGERS",COIMBATORE,2017,JUNE,174642,CJB,VOCB,"18 INTERNATIONAL AIRPORTS"
100,"DOMESTIC PASSENGERS",SRINAGAR,2017,JUNE,211987,SXR,VISR,"18 INTERNATIONAL AIRPORTS"
101,"DOMESTIC PASSENGERS",VARANASI,2017,JUNE,144180,VNS,VIBN,"18 INTERNATIONAL AIRPORTS"
102,"DOMESTIC PASSENGERS",MANGALORE,2017,JUNE,111599,IXE,VOML,"18 INTERNATIONAL AIRPORTS"
103,"DOMESTIC PASSENGERS",AMRITSAR,2017,JUNE,115030,ATQ,VIAR,"18 INTERNATIONAL AIRPORTS"
104,"DOMESTIC PASSENGERS",TRICHY,2017,JUNE,9974,TRZ,VOTR,"18 INTERNATIONAL AIRPORTS"
105,"DOMESTIC PASSENGERS",PORTBLAIR,2017,JUNE,109584,IXZ,VOPB,"18 INTERNATIONAL AIRPORTS"
106,"DOMESTIC PASSENGERS",IMPHAL,2017,JUNE,80289,IMF,VEIM,"18 INTERNATIONAL AIRPORTS"
107,"DOMESTIC PASSENGERS","DELHI (DIAL)",2017,JUNE,3882652,DEL,VIDP,"6 JV INTERNATIONAL AIRPORTS"
108,"DOMESTIC PASSENGERS","MUMBAI (MIAL)",2017,JUNE,2744459,BOM,VABB,"6 JV INTERNATIONAL AIRPORTS"
109,"DOMESTIC PASSENGERS",AURANGABAD,2017,JUNE,25232,IXU,VAAU,"8 CUSTOM AIRPORTS"
110,"DOMESTIC PASSENGERS",GAYA,2017,JUNE,3591,GAY,VEGY,"8 CUSTOM AIRPORTS"
133,"INTERNATIONAL PASSENGERS",CHENNAI,2017,JULY,461503,MAA,VOMM,"18 INTERNATIONAL AIRPORTS"
134,"INTERNATIONAL PASSENGERS",KOLKATA,2017,JULY,204982,CCU,VECC,"18 INTERNATIONAL AIRPORTS"
135,"INTERNATIONAL PASSENGERS",AHMEDABAD,2017,JULY,132591,AMD,VAAH,"18 INTERNATIONAL AIRPORTS"
136,"INTERNATIONAL PASSENGERS",GOA,2017,JULY,24543,GOI,VOGO,"18 INTERNATIONAL AIRPORTS"
137,"INTERNATIONAL PASSENGERS",LUCKNOW,2017,JULY,60265,LKO,VILK,"18 INTERNATIONAL AIRPORTS"
138,"INTERNATIONAL PASSENGERS",TRIVANDRUM,2017,JULY,215905,TRV,VOTV,"18 INTERNATIONAL AIRPORTS"
139,"INTERNATIONAL PASSENGERS",GUWAHATI,2017,JULY,6564,GAU,VEGT,"18 INTERNATIONAL AIRPORTS"
140,"INTERNATIONAL PASSENGERS",JAIPUR,2017,JULY,37033,JAI,VIJP,"18 INTERNATIONAL AIRPORTS"
141,"INTERNATIONAL PASSENGERS",CALICUT,2017,JULY,229928,CCJ,VOCL,"18 INTERNATIONAL AIRPORTS"
142,"INTERNATIONAL PASSENGERS",BHUBANESWAR,2017,JULY,6228,BBI,VEBS,"18 INTERNATIONAL AIRPORTS"
143,"INTERNATIONAL PASSENGERS",COIMBATORE,2017,JULY,13959,CJB,VOCB,"18 INTERNATIONAL AIRPORTS"
144,"INTERNATIONAL PASSENGERS",SRINAGAR,2017,JULY,5873,SXR,VISR,"18 INTERNATIONAL AIRPORTS"
145,"INTERNATIONAL PASSENGERS",VARANASI,2017,JULY,10336,VNS,VIBN,"18 INTERNATIONAL AIRPORTS"
146,"INTERNATIONAL PASSENGERS",MANGALORE,2017,JULY,66616,IXE,VOML,"18 INTERNATIONAL AIRPORTS"
147,"INTERNATIONAL PASSENGERS",AMRITSAR,2017,JULY,50256,ATQ,VIAR,"18 INTERNATIONAL AIRPORTS"
148,"INTERNATIONAL PASSENGERS",TRICHY,2017,JULY,115423,TRZ,VOTR,"18 INTERNATIONAL AIRPORTS"
149,"INTERNATIONAL PASSENGERS",PORTBLAIR,2017,JULY,0,IXZ,VOPB,"18 INTERNATIONAL AIRPORTS"
150,"INTERNATIONAL PASSENGERS",IMPHAL,2017,JULY,0,IMF,VEIM,"18 INTERNATIONAL AIRPORTS"
151,"INTERNATIONAL PASSENGERS","DELHI (DIAL)",2017,JULY,1379979,DEL,VIDP,"6 JV INTERNATIONAL AIRPORTS"
152,"INTERNATIONAL PASSENGERS","MUMBAI (MIAL)",2017,JULY,1115313,BOM,VABB,"6 JV INTERNATIONAL AIRPORTS"
153,"INTERNATIONAL PASSENGERS",AURANGABAD,2017,JULY,0,IXU,VAAU,"8 CUSTOM AIRPORTS"
154,"INTERNATIONAL PASSENGERS",GAYA,2017,JULY,1285,GAY,VEGY,"8 CUSTOM AIRPORTS"
177,"DOMESTIC PASSENGERS",CHENNAI,2017,JULY,1172430,MAA,VOMM,"18 INTERNATIONAL AIRPORTS"
178,"DOMESTIC PASSENGERS",KOLKATA,2017,JULY,1257092,CCU,VECC,"18 INTERNATIONAL AIRPORTS"
179,"DOMESTIC PASSENGERS",AHMEDABAD,2017,JULY,522391,AMD,VAAH,"18 INTERNATIONAL AIRPORTS"
180,"DOMESTIC PASSENGERS",GOA,2017,JULY,528251,GOI,VOGO,"18 INTERNATIONAL AIRPORTS"
181,"DOMESTIC PASSENGERS",LUCKNOW,2017,JULY,286694,LKO,VILK,"18 INTERNATIONAL AIRPORTS"
182,"DOMESTIC PASSENGERS",TRIVANDRUM,2017,JULY,145164,TRV,VOTV,"18 INTERNATIONAL AIRPORTS"
183,"DOMESTIC PASSENGERS",GUWAHATI,2017,JULY,386416,GAU,VEGT,"18 INTERNATIONAL AIRPORTS"
184,"DOMESTIC PASSENGERS",JAIPUR,2017,JULY,316908,JAI,VIJP,"18 INTERNATIONAL AIRPORTS"
185,"DOMESTIC PASSENGERS",CALICUT,2017,JULY,40562,CCJ,VOCL,"18 INTERNATIONAL AIRPORTS"
186,"DOMESTIC PASSENGERS",BHUBANESWAR,2017,JULY,212422,BBI,VEBS,"18 INTERNATIONAL AIRPORTS"
187,"DOMESTIC PASSENGERS",COIMBATORE,2017,JULY,171020,CJB,VOCB,"18 INTERNATIONAL AIRPORTS"
188,"DOMESTIC PASSENGERS",SRINAGAR,2017,JULY,233697,SXR,VISR,"18 INTERNATIONAL AIRPORTS"
189,"DOMESTIC PASSENGERS",VARANASI,2017,JULY,143944,VNS,VIBN,"18 INTERNATIONAL AIRPORTS"
190,"DOMESTIC PASSENGERS",MANGALORE,2017,JULY,117425,IXE,VOML,"18 INTERNATIONAL AIRPORTS"
191,"DOMESTIC PASSENGERS",AMRITSAR,2017,JULY,120527,ATQ,VIAR,"18 INTERNATIONAL AIRPORTS"
192,"DOMESTIC PASSENGERS",TRICHY,2017,JULY,9631,TRZ,VOTR,"18 INTERNATIONAL AIRPORTS"
193,"DOMESTIC PASSENGERS",PORTBLAIR,2017,JULY,76390,IXZ,VOPB,"18 INTERNATIONAL AIRPORTS"
194,"DOMESTIC PASSENGERS",IMPHAL,2017,JULY,87436,IMF,VEIM,"18 INTERNATIONAL AIRPORTS"
195,"DOMESTIC PASSENGERS","DELHI (DIAL)",2017,JULY,3787827,DEL,VIDP,"6 JV INTERNATIONAL AIRPORTS"
196,"DOMESTIC PASSENGERS","MUMBAI (MIAL)",2017,JULY,2773280,BOM,VABB,"6 JV INTERNATIONAL AIRPORTS"
197,"DOMESTIC PASSENGERS",AURANGABAD,2017,JULY,29433,IXU,VAAU,"8 CUSTOM AIRPORTS"
198,"DOMESTIC PASSENGERS",GAYA,2017,JULY,2770,GAY,VEGY,"8 CUSTOM AIRPORTS"
2443,"DOMESTIC PASSENGERS","OTHER AIRPORTS",2017,JULY,2910,,,AUTO-ADDED
2617,"INTERNATIONAL PASSENGERS","(D) 48 DOMESTIC AIRPORTS",2017,JULY,90,,,AUTO-ADDED
2618,"INTERNATIONAL PASSENGERS","(E) STATE GOVT. / PVT AIRPORTS",2017,JULY,0,,,AUTO-ADDED
2619,"INTERNATIONAL PASSENGERS","(F) OTHER AIRPORTS",2017,JULY,0,,,AUTO-ADDED
1817,"INTERNATIONAL PASSENGERS",BANGALORE,2017,JULY,320553,BLR,VOBL,"6 JV INTERNATIONAL AIRPORTS"
1818,"INTERNATIONAL PASSENGERS",HYDERABAD,2017,JULY,316705,HYD,VOHS,"6 JV INTERNATIONAL AIRPORTS"
1819,"INTERNATIONAL PASSENGERS",COCHIN,2017,JULY,455485,COK,VOCI,"6 JV INTERNATIONAL AIRPORTS"
1820,"INTERNATIONAL PASSENGERS",NAGPUR,2017,JULY,8688,NAG,VANP,"6 JV INTERNATIONAL AIRPORTS"
1821,"INTERNATIONAL PASSENGERS",PUNE,2017,JULY,22701,,,AUTO-ADDED
1822,"INTERNATIONAL PASSENGERS",VISAKHAPATNAM,2017,JULY,10256,,,AUTO-ADDED
1823,"INTERNATIONAL PASSENGERS",PATNA,2017,JULY,0,,,AUTO-ADDED
1824,"INTERNATIONAL PASSENGERS","CHANDIGARH  (JV AIRPORT",2017,JULY,11697,,,AUTO-ADDED
1825,"INTERNATIONAL PASSENGERS",BAGDOGRA,2017,JULY,1672,,,AUTO-ADDED
1826,"INTERNATIONAL PASSENGERS",MADURAI,2017,JULY,24331,,,AUTO-ADDED
1837,"DOMESTIC PASSENGERS",BANGALORE,2017,JULY,1796729,BLR,VOBL,"6 JV INTERNATIONAL AIRPORTS"
1838,"DOMESTIC PASSENGERS",HYDERABAD,2017,JULY,1135005,HYD,VOHS,"6 JV INTERNATIONAL AIRPORTS"
1839,"DOMESTIC PASSENGERS",COCHIN,2017,JULY,367994,COK,VOCI,"6 JV INTERNATIONAL AIRPORTS"
1840,"DOMESTIC PASSENGERS",NAGPUR,2017,JULY,152245,NAG,VANP,"6 JV INTERNATIONAL AIRPORTS"
1841,"DOMESTIC PASSENGERS",PUNE,2017,JULY,629128,,,AUTO-ADDED
1842,"DOMESTIC PASSENGERS",VISAKHAPATNAM,2017,JULY,178421,,,AUTO-ADDED
1843,"DOMESTIC PASSENGERS",PATNA,2017,JULY,242852,,,AUTO-ADDED
1844,"DOMESTIC PASSENGERS","CHANDIGARH  (JV AIRPORT",2017,JULY,195239,,,AUTO-ADDED
1845,"DOMESTIC PASSENGERS",BAGDOGRA,2017,JULY,142593,,,AUTO-ADDED
1846,"DOMESTIC PASSENGERS",MADURAI,2017,JULY,82781,,,AUTO-ADDED
1847,"DOMESTIC PASSENGERS",INDORE,2017,JULY,178541,,,AUTO-ADDED
1848,"DOMESTIC PASSENGERS",RAIPUR,2017,JULY,123863,,,AUTO-ADDED
1849,"DOMESTIC PASSENGERS",AGARTALA,2017,JULY,108106,,,AUTO-ADDED
1850,"DOMESTIC PASSENGERS",JAMMU,2017,JULY,111420,,,AUTO-ADDED
1851,"DOMESTIC PASSENGERS",VADODARA,2017,JULY,73966,,,AUTO-ADDED
1852,"DOMESTIC PASSENGERS",UDAIPUR,2017,JULY,79675,,,AUTO-ADDED
1853,"DOMESTIC PASSENGERS",RANCHI,2017,JULY,118747,,,AUTO-ADDED
1854,"DOMESTIC PASSENGERS",DEHRADUN,2017,JULY,89593,,,AUTO-ADDED
1855,"DOMESTIC PASSENGERS",BHOPAL,2017,JULY,56395,,,AUTO-ADDED
1856,"DOMESTIC PASSENGERS",VIJAYAWADA,2017,JULY,59716,,,AUTO-ADDED
1857,"DOMESTIC PASSENGERS",LEH,2017,JULY,82402,,,AUTO-ADDED
1858,"DOMESTIC PASSENGERS",TIRUPATI,2017,JULY,52486,,,AUTO-ADDED
1859,"DOMESTIC PASSENGERS",RAJKOT,2017,JULY,31044,,,AUTO-ADDED
1860,"DOMESTIC PASSENGERS",JODHPUR,2017,JULY,34758,,,AUTO-ADDED
1861,"DOMESTIC PASSENGERS",DIBRUGARH,2017,JULY,29171,,,AUTO-ADDED
1862,"DOMESTIC PASSENGERS",RAJAHMUNDRY,2017,JULY,19798,,,AUTO-ADDED
1863,"DOMESTIC PASSENGERS",SILCHAR,2017,JULY,30112,,,AUTO-ADDED
1864,"DOMESTIC PASSENGERS",SURAT,2017,JULY,62865,,,AUTO-ADDED
1865,"DOMESTIC PASSENGERS",BHUJ,2017,JULY,13739,,,AUTO-ADDED
1866,"DOMESTIC PASSENGERS",JUHU,2017,JULY,13072,,,AUTO-ADDED
1867,"DOMESTIC PASSENGERS",JABALPUR,2017,JULY,17716,,,AUTO-ADDED
1868,"DOMESTIC PASSENGERS",DIMAPUR,2017,JULY,13156,,,AUTO-ADDED
1869,"DOMESTIC PASSENGERS",GUGGAL,2017,JULY,12517,,,AUTO-ADDED
1870,"DOMESTIC PASSENGERS",TUTICORIN,2017,JULY,8741,,,AUTO-ADDED
1871,"DOMESTIC PASSENGERS",BELGAUM,2017,JULY,9107,,,AUTO-ADDED
1872,"DOMESTIC PASSENGERS",JAMNAGAR,2017,JULY,5234,,,AUTO-ADDED
1873,"DOMESTIC PASSENGERS",KHAJURAHO,2017,JULY,2036,,,AUTO-ADDED
1874,"DOMESTIC PASSENGERS",JORHAT,2017,JULY,5981,,,AUTO-ADDED
1875,"DOMESTIC PASSENGERS",GORKHPUR,2017,JULY,12138,,,AUTO-ADDED
1876,"DOMESTIC PASSENGERS",ALLAHABAD,2017,JULY,4050,,,AUTO-ADDED
1877,"DOMESTIC PASSENGERS",AGATTI,2017,JULY,2803,,,AUTO-ADDED
1878,"DOMESTIC PASSENGERS",HUBLI,2017,JULY,2557,,,AUTO-ADDED
1879,"DOMESTIC PASSENGERS",BHUNTAR,2017,JULY,2267,,,AUTO-ADDED
1880,"DOMESTIC PASSENGERS",BHAVNAGAR,2017,JULY,2593,,,AUTO-ADDED
1881,"DOMESTIC PASSENGERS",DIU,2017,JULY,1237,,,AUTO-ADDED
1882,"DOMESTIC PASSENGERS",GWALIOR,2017,JULY,1859,,,AUTO-ADDED
1883,"DOMESTIC PASSENGERS",BARAPANI,2017,JULY,972,,,AUTO-ADDED
1884,"DOMESTIC PASSENGERS",PANTNAGAR,2017,JULY,1400,,,AUTO-ADDED
1885,"DOMESTIC PASSENGERS",LAKHIMPUR,2017,JULY,1038,,,AUTO-ADDED
1886,"DOMESTIC PASSENGERS",AGRA,2017,JULY,627,,,AUTO-ADDED
1887,"DOMESTIC PASSENGERS",TEZPUR,2017,JULY,570,,,AUTO-ADDED
1888,"DOMESTIC PASSENGERS",BHATINDA,2017,JULY,1147,,,AUTO-ADDED
1889,"DOMESTIC PASSENGERS",PORBANDAR,2017,JULY,3218,,,AUTO-ADDED
1890,"DOMESTIC PASSENGERS",KANPUR,2017,JULY,0,,,AUTO-ADDED
1891,"DOMESTIC PASSENGERS",CUDDAPAH,2017,JULY,2848,,,AUTO-ADDED
1892,"DOMESTIC PASSENGERS",BIKANER,2017,JULY,194,,,AUTO-ADDED
1893,"DOMESTIC PASSENGERS",JAISALMER,2017,JULY,0,,,AUTO-ADDED
1894,"DOMESTIC PASSENGERS",LUDHIANA,2017,JULY,0,,,AUTO-ADDED
1895,"DOMESTIC PASSENGERS",KOLHAPUR,2017,JULY,0,,,AUTO-ADDED
1896,"DOMESTIC PASSENGERS",SHIMLA,2017,JULY,743,,,AUTO-ADDED
1897,"DOMESTIC PASSENGERS",LENGPUI,2017,JULY,27133,,,AUTO-ADDED
1898,"DOMESTIC PASSENGERS",DURGAPUR,2017,JULY,474,,,AUTO-ADDED
1899,"DOMESTIC PASSENGERS",NANDED,2017,JULY,1930,,,AUTO-ADDED
1900,"DOMESTIC PASSENGERS",MUNDRA,2017,JULY,0,,,AUTO-ADDED
2433,"DOMESTIC PASSENGERS","OTHER AIRPORTS",2017,January,1110,,,AUTO-ADDED
907,"INTERNATIONAL PASSENGERS",CHENNAI,2017,January,466952,MAA,VOMM,"18 INTERNATIONAL AIRPORTS"
908,"INTERNATIONAL PASSENGERS",KOLKATA,2017,January,218034,CCU,VECC,"18 INTERNATIONAL AIRPORTS"
909,"INTERNATIONAL PASSENGERS",AHMEDABAD,2017,January,174156,AMD,VAAH,"18 INTERNATIONAL AIRPORTS"
910,"INTERNATIONAL PASSENGERS",GOA,2017,January,132450,GOI,VOGO,"18 INTERNATIONAL AIRPORTS"
911,"INTERNATIONAL PASSENGERS",TRIVANDRUM,2017,January,225797,TRV,VOTV,"18 INTERNATIONAL AIRPORTS"
912,"INTERNATIONAL PASSENGERS",LUCKNOW,2017,January,57027,LKO,VILK,"18 INTERNATIONAL AIRPORTS"
913,"INTERNATIONAL PASSENGERS",JAIPUR,2017,January,44591,JAI,VIJP,"18 INTERNATIONAL AIRPORTS"
914,"INTERNATIONAL PASSENGERS",GUWAHATI,2017,January,1851,GAU,VEGT,"18 INTERNATIONAL AIRPORTS"
915,"INTERNATIONAL PASSENGERS",SRINAGAR,2017,January,0,SXR,VISR,"18 INTERNATIONAL AIRPORTS"
916,"INTERNATIONAL PASSENGERS",CALICUT,2017,January,196472,CCJ,VOCL,"18 INTERNATIONAL AIRPORTS"
917,"INTERNATIONAL PASSENGERS",BHUBANESWAR,2017,January,2756,BBI,VEBS,"18 INTERNATIONAL AIRPORTS"
918,"INTERNATIONAL PASSENGERS",COIMBATORE,2017,January,13395,CJB,VOCB,"18 INTERNATIONAL AIRPORTS"
919,"INTERNATIONAL PASSENGERS",MANGALORE,2017,January,66272,IXE,VOML,"18 INTERNATIONAL AIRPORTS"
920,"INTERNATIONAL PASSENGERS",VARANASI,2017,January,11875,VNS,VIBN,"18 INTERNATIONAL AIRPORTS"
921,"INTERNATIONAL PASSENGERS",TRICHY,2017,January,107870,TRZ,VOTR,"18 INTERNATIONAL AIRPORTS"
922,"INTERNATIONAL PASSENGERS",AMRITSAR,2017,January,54322,ATQ,VIAR,"18 INTERNATIONAL AIRPORTS"
923,"INTERNATIONAL PASSENGERS",PORTBLAIR,2017,January,0,IXZ,VOPB,"18 INTERNATIONAL AIRPORTS"
924,"INTERNATIONAL PASSENGERS",IMPHAL,2017,January,0,IMF,VEIM,"18 INTERNATIONAL AIRPORTS"
925,"INTERNATIONAL PASSENGERS","DELHI (DIAL)",2017,January,1445919,DEL,VIDP,"6 JV INTERNATIONAL AIRPORTS"
926,"INTERNATIONAL PASSENGERS","MUMBAI (MIAL)",2017,January,1163076,BOM,VABB,"6 JV INTERNATIONAL AIRPORTS"
927,"INTERNATIONAL PASSENGERS",BANGALORE,2017,January,330828,BLR,VOBL,"6 JV INTERNATIONAL AIRPORTS"
928,"INTERNATIONAL PASSENGERS",HYDERABAD,2017,January,309474,HYD,VOHS,"6 JV INTERNATIONAL AIRPORTS"
929,"INTERNATIONAL PASSENGERS",COCHIN,2017,January,452105,COK,VOCI,"6 JV INTERNATIONAL AIRPORTS"
930,"INTERNATIONAL PASSENGERS",NAGPUR,2017,January,10420,NAG,VANP,"6 JV INTERNATIONAL AIRPORTS"
931,"INTERNATIONAL PASSENGERS",CHANDIGARH,2017,January,13783,IXC,VICG,"8 CUSTOM AIRPORTS"
932,"INTERNATIONAL PASSENGERS",PUNE,2017,January,24429,,,AUTO-ADDED
933,"INTERNATIONAL PASSENGERS",VISAKHAPATNAM,2017,January,10221,,,AUTO-ADDED
934,"INTERNATIONAL PASSENGERS",PATNA,2017,January,0,,,AUTO-ADDED
935,"INTERNATIONAL PASSENGERS",BAGDOGRA,2017,January,2042,,,AUTO-ADDED
936,"INTERNATIONAL PASSENGERS",MADURAI,2017,January,23397,,,AUTO-ADDED
937,"INTERNATIONAL PASSENGERS",AURANGABAD,2017,January,0,IXU,VAAU,"8 CUSTOM AIRPORTS"
938,"INTERNATIONAL PASSENGERS",GAYA,2017,January,15704,GAY,VEGY,"8 CUSTOM AIRPORTS"
939,"DOMESTIC PASSENGERS",CHENNAI,2017,January,1239920,MAA,VOMM,"18 INTERNATIONAL AIRPORTS"
940,"DOMESTIC PASSENGERS",KOLKATA,2017,January,1336962,CCU,VECC,"18 INTERNATIONAL AIRPORTS"
941,"DOMESTIC PASSENGERS",AHMEDABAD,2017,January,535050,AMD,VAAH,"18 INTERNATIONAL AIRPORTS"
942,"DOMESTIC PASSENGERS",GOA,2017,January,615843,GOI,VOGO,"18 INTERNATIONAL AIRPORTS"
943,"DOMESTIC PASSENGERS",TRIVANDRUM,2017,January,144015,TRV,VOTV,"18 INTERNATIONAL AIRPORTS"
944,"DOMESTIC PASSENGERS",LUCKNOW,2017,January,306896,LKO,VILK,"18 INTERNATIONAL AIRPORTS"
945,"DOMESTIC PASSENGERS",JAIPUR,2017,January,304865,JAI,VIJP,"18 INTERNATIONAL AIRPORTS"
946,"DOMESTIC PASSENGERS",GUWAHATI,2017,January,382383,GAU,VEGT,"18 INTERNATIONAL AIRPORTS"
947,"DOMESTIC PASSENGERS",SRINAGAR,2017,January,106148,SXR,VISR,"18 INTERNATIONAL AIRPORTS"
948,"DOMESTIC PASSENGERS",CALICUT,2017,January,38822,CCJ,VOCL,"18 INTERNATIONAL AIRPORTS"
949,"DOMESTIC PASSENGERS",BHUBANESWAR,2017,January,252016,BBI,VEBS,"18 INTERNATIONAL AIRPORTS"
950,"DOMESTIC PASSENGERS",COIMBATORE,2017,January,191171,CJB,VOCB,"18 INTERNATIONAL AIRPORTS"
951,"DOMESTIC PASSENGERS",MANGALORE,2017,January,92439,IXE,VOML,"18 INTERNATIONAL AIRPORTS"
952,"DOMESTIC PASSENGERS",VARANASI,2017,January,170304,VNS,VIBN,"18 INTERNATIONAL AIRPORTS"
953,"DOMESTIC PASSENGERS",TRICHY,2017,January,13843,TRZ,VOTR,"18 INTERNATIONAL AIRPORTS"
954,"DOMESTIC PASSENGERS",AMRITSAR,2017,January,94447,ATQ,VIAR,"18 INTERNATIONAL AIRPORTS"
955,"DOMESTIC PASSENGERS",PORTBLAIR,2017,January,135829,IXZ,VOPB,"18 INTERNATIONAL AIRPORTS"
956,"DOMESTIC PASSENGERS",IMPHAL,2017,January,79965,IMF,VEIM,"18 INTERNATIONAL AIRPORTS"
957,"DOMESTIC PASSENGERS","DELHI (DIAL)",2017,January,3751564,DEL,VIDP,"6 JV INTERNATIONAL AIRPORTS"
958,"DOMESTIC PASSENGERS","MUMBAI (MIAL)",2017,January,2951492,BOM,VABB,"6 JV INTERNATIONAL AIRPORTS"
959,"DOMESTIC PASSENGERS",BANGALORE,2017,January,1802314,BLR,VOBL,"6 JV INTERNATIONAL AIRPORTS"
960,"DOMESTIC PASSENGERS",HYDERABAD,2017,January,1100983,HYD,VOHS,"6 JV INTERNATIONAL AIRPORTS"
961,"DOMESTIC PASSENGERS",COCHIN,2017,January,386896,COK,VOCI,"6 JV INTERNATIONAL AIRPORTS"
962,"DOMESTIC PASSENGERS",NAGPUR,2017,January,173060,NAG,VANP,"6 JV INTERNATIONAL AIRPORTS"
963,"DOMESTIC PASSENGERS",CHANDIGARH,2017,January,130540,IXC,VICG,"8 CUSTOM AIRPORTS"
964,"DOMESTIC PASSENGERS",PUNE,2017,January,596653,,,AUTO-ADDED
965,"DOMESTIC PASSENGERS",VISAKHAPATNAM,2017,January,210085,,,AUTO-ADDED
966,"DOMESTIC PASSENGERS",PATNA,2017,January,185245,,,AUTO-ADDED
967,"DOMESTIC PASSENGERS",BAGDOGRA,2017,January,143694,,,AUTO-ADDED
968,"DOMESTIC PASSENGERS",MADURAI,2017,January,60721,,,AUTO-ADDED
969,"DOMESTIC PASSENGERS",AURANGABAD,2017,January,28780,IXU,VAAU,"8 CUSTOM AIRPORTS"
970,"DOMESTIC PASSENGERS",GAYA,2017,January,7598,GAY,VEGY,"8 CUSTOM AIRPORTS"
971,"DOMESTIC PASSENGERS",INDORE,2017,January,175602,,,AUTO-ADDED
972,"DOMESTIC PASSENGERS",RAIPUR,2017,January,130130,,,AUTO-ADDED
973,"DOMESTIC PASSENGERS",JAMMU,2017,January,90203,,,AUTO-ADDED
974,"DOMESTIC PASSENGERS",VADODARA,2017,January,98925,,,AUTO-ADDED
975,"DOMESTIC PASSENGERS",AGARTALA,2017,January,111539,,,AUTO-ADDED
976,"DOMESTIC PASSENGERS",RANCHI,2017,January,100777,,,AUTO-ADDED
977,"DOMESTIC PASSENGERS",UDAIPUR,2017,January,111015,,,AUTO-ADDED
978,"DOMESTIC PASSENGERS",BHOPAL,2017,January,47087,,,AUTO-ADDED
979,"DOMESTIC PASSENGERS",DEHRADUN,2017,January,69685,,,AUTO-ADDED
980,"DOMESTIC PASSENGERS",RAJKOT,2017,January,38585,,,AUTO-ADDED
981,"DOMESTIC PASSENGERS",LEH,2017,January,26928,,,AUTO-ADDED
982,"DOMESTIC PASSENGERS",VIJAYAWADA,2017,January,51408,,,AUTO-ADDED
983,"DOMESTIC PASSENGERS",TIRUPATI,2017,January,41103,,,AUTO-ADDED
984,"DOMESTIC PASSENGERS",DIBRUGARH,2017,January,28026,,,AUTO-ADDED
985,"DOMESTIC PASSENGERS",JODHPUR,2017,January,39893,,,AUTO-ADDED
986,"DOMESTIC PASSENGERS",RAJAHMUNDRY,2017,January,24871,,,AUTO-ADDED
987,"DOMESTIC PASSENGERS",SILCHAR,2017,January,22727,,,AUTO-ADDED
988,"DOMESTIC PASSENGERS",JUHU,2017,January,15278,,,AUTO-ADDED
989,"DOMESTIC PASSENGERS",JABALPUR,2017,January,17054,,,AUTO-ADDED
990,"DOMESTIC PASSENGERS",BHUJ,2017,January,18534,,,AUTO-ADDED
991,"DOMESTIC PASSENGERS",BELGAUM,2017,January,7399,,,AUTO-ADDED
992,"DOMESTIC PASSENGERS",DIMAPUR,2017,January,15073,,,AUTO-ADDED
993,"DOMESTIC PASSENGERS",SURAT,2017,January,21126,,,AUTO-ADDED
994,"DOMESTIC PASSENGERS",TUTICORIN,2017,January,8615,,,AUTO-ADDED
995,"DOMESTIC PASSENGERS",JAMNAGAR,2017,January,5997,,,AUTO-ADDED
996,"DOMESTIC PASSENGERS",GUGGAL,2017,January,6920,,,AUTO-ADDED
997,"DOMESTIC PASSENGERS",KHAJURAHO,2017,January,8161,,,AUTO-ADDED
998,"DOMESTIC PASSENGERS",ALLAHABAD,2017,January,3456,,,AUTO-ADDED
999,"DOMESTIC PASSENGERS",JORHAT,2017,January,6465,,,AUTO-ADDED
1000,"DOMESTIC PASSENGERS",BHAVNAGAR,2017,January,2676,,,AUTO-ADDED
1001,"DOMESTIC PASSENGERS",HUBLI,2017,January,1983,,,AUTO-ADDED
1002,"DOMESTIC PASSENGERS",AGATTI,2017,January,3207,,,AUTO-ADDED
1003,"DOMESTIC PASSENGERS",BHUNTAR,2017,January,1307,,,AUTO-ADDED
1004,"DOMESTIC PASSENGERS",PORBANDAR,2017,January,329,,,AUTO-ADDED
1005,"DOMESTIC PASSENGERS",BARAPANI,2017,January,1102,,,AUTO-ADDED
1006,"DOMESTIC PASSENGERS",GORKHPUR,2017,January,0,,,AUTO-ADDED
1007,"DOMESTIC PASSENGERS",AGRA,2017,January,1654,,,AUTO-ADDED
1008,"DOMESTIC PASSENGERS",GWALIOR,2017,January,1356,,,AUTO-ADDED
1009,"DOMESTIC PASSENGERS",PANTNAGAR,2017,January,566,,,AUTO-ADDED
1010,"DOMESTIC PASSENGERS",LAKHIMPUR,2017,January,1054,,,AUTO-ADDED
1011,"DOMESTIC PASSENGERS",PONDICHERRY,2017,January,0,,,AUTO-ADDED
1012,"DOMESTIC PASSENGERS",TEZPUR,2017,January,656,,,AUTO-ADDED
1013,"DOMESTIC PASSENGERS",CUDDAPAH,2017,January,0,,,AUTO-ADDED
1014,"DOMESTIC PASSENGERS",MYSORE,2017,January,6,,,AUTO-ADDED
1015,"DOMESTIC PASSENGERS",KANPUR,2017,January,604,,,AUTO-ADDED
1016,"DOMESTIC PASSENGERS",LENGPUI,2017,January,23226,,,AUTO-ADDED
1017,"DOMESTIC PASSENGERS",DIU,2017,January,1926,,,AUTO-ADDED
1018,"DOMESTIC PASSENGERS",DURGAPUR,2017,January,15,,,AUTO-ADDED
1019,"DOMESTIC PASSENGERS",NANDED,2017,January,6,,,AUTO-ADDED
1020,"DOMESTIC PASSENGERS",MUNDRA,2017,January,0,,,AUTO-ADDED
2587,"INTERNATIONAL PASSENGERS","(D) 48 DOMESTIC AIRPORTS",2017,January,310,,,AUTO-ADDED
2588,"INTERNATIONAL PASSENGERS","(E) STATE GOVT. / PVT AIRPORTS",2017,January,0,,,AUTO-ADDED
2589,"INTERNATIONAL PASSENGERS","(F) OTHER AIRPORTS",2017,January,0,,,AUTO-ADDED
2593,"INTERNATIONAL PASSENGERS","(D) 48 DOMESTIC AIRPORTS",2017,February,107,,,AUTO-ADDED
2594,"INTERNATIONAL PASSENGERS","(E) STATE GOVT. / PVT AIRPORTS",2017,February,0,,,AUTO-ADDED
2595,"INTERNATIONAL PASSENGERS","(F) OTHER AIRPORTS",2017,February,0,,,AUTO-ADDED
2435,"DOMESTIC PASSENGERS","OTHER AIRPORTS",2017,February,1302,,,AUTO-ADDED
1021,"INTERNATIONAL PASSENGERS",CHENNAI,2017,February,385000,MAA,VOMM,"18 INTERNATIONAL AIRPORTS"
1022,"INTERNATIONAL PASSENGERS",KOLKATA,2017,February,191281,CCU,VECC,"18 INTERNATIONAL AIRPORTS"
1023,"INTERNATIONAL PASSENGERS",AHMEDABAD,2017,February,143530,AMD,VAAH,"18 INTERNATIONAL AIRPORTS"
1024,"INTERNATIONAL PASSENGERS",GOA,2017,February,109455,GOI,VOGO,"18 INTERNATIONAL AIRPORTS"
1025,"INTERNATIONAL PASSENGERS",TRIVANDRUM,2017,February,167062,TRV,VOTV,"18 INTERNATIONAL AIRPORTS"
1026,"INTERNATIONAL PASSENGERS",LUCKNOW,2017,February,52991,LKO,VILK,"18 INTERNATIONAL AIRPORTS"
1027,"INTERNATIONAL PASSENGERS",JAIPUR,2017,February,41237,JAI,VIJP,"18 INTERNATIONAL AIRPORTS"
1028,"INTERNATIONAL PASSENGERS",GUWAHATI,2017,February,1616,GAU,VEGT,"18 INTERNATIONAL AIRPORTS"
1029,"INTERNATIONAL PASSENGERS",SRINAGAR,2017,February,0,SXR,VISR,"18 INTERNATIONAL AIRPORTS"
1030,"INTERNATIONAL PASSENGERS",CALICUT,2017,February,173776,CCJ,VOCL,"18 INTERNATIONAL AIRPORTS"
1031,"INTERNATIONAL PASSENGERS",BHUBANESWAR,2017,February,2408,BBI,VEBS,"18 INTERNATIONAL AIRPORTS"
1032,"INTERNATIONAL PASSENGERS",COIMBATORE,2017,February,9940,CJB,VOCB,"18 INTERNATIONAL AIRPORTS"
1033,"INTERNATIONAL PASSENGERS",MANGALORE,2017,February,50910,IXE,VOML,"18 INTERNATIONAL AIRPORTS"
1034,"INTERNATIONAL PASSENGERS",VARANASI,2017,February,11360,VNS,VIBN,"18 INTERNATIONAL AIRPORTS"
1035,"INTERNATIONAL PASSENGERS",TRICHY,2017,February,91866,TRZ,VOTR,"18 INTERNATIONAL AIRPORTS"
1036,"INTERNATIONAL PASSENGERS",AMRITSAR,2017,February,49429,ATQ,VIAR,"18 INTERNATIONAL AIRPORTS"
1037,"INTERNATIONAL PASSENGERS",PORTBLAIR,2017,February,0,IXZ,VOPB,"18 INTERNATIONAL AIRPORTS"
1038,"INTERNATIONAL PASSENGERS",IMPHAL,2017,February,0,IMF,VEIM,"18 INTERNATIONAL AIRPORTS"
1039,"INTERNATIONAL PASSENGERS","DELHI (DIAL)",2017,February,1331333,DEL,VIDP,"6 JV INTERNATIONAL AIRPORTS"
1040,"INTERNATIONAL PASSENGERS","MUMBAI (MIAL)",2017,February,1004110,BOM,VABB,"6 JV INTERNATIONAL AIRPORTS"
1041,"INTERNATIONAL PASSENGERS",BANGALORE,2017,February,276329,BLR,VOBL,"6 JV INTERNATIONAL AIRPORTS"
1042,"INTERNATIONAL PASSENGERS",HYDERABAD,2017,February,253689,HYD,VOHS,"6 JV INTERNATIONAL AIRPORTS"
1043,"INTERNATIONAL PASSENGERS",COCHIN,2017,February,367563,COK,VOCI,"6 JV INTERNATIONAL AIRPORTS"
1044,"INTERNATIONAL PASSENGERS",NAGPUR,2017,February,7578,NAG,VANP,"6 JV INTERNATIONAL AIRPORTS"
1045,"INTERNATIONAL PASSENGERS",CHANDIGARH,2017,February,13121,IXC,VICG,"8 CUSTOM AIRPORTS"
1046,"INTERNATIONAL PASSENGERS",PUNE,2017,February,20529,,,AUTO-ADDED
1047,"INTERNATIONAL PASSENGERS",VISAKHAPATNAM,2017,February,7945,,,AUTO-ADDED
1048,"INTERNATIONAL PASSENGERS",PATNA,2017,February,0,,,AUTO-ADDED
1049,"INTERNATIONAL PASSENGERS",BAGDOGRA,2017,February,2317,,,AUTO-ADDED
1050,"INTERNATIONAL PASSENGERS",MADURAI,2017,February,19121,,,AUTO-ADDED
1051,"INTERNATIONAL PASSENGERS",AURANGABAD,2017,February,0,IXU,VAAU,"8 CUSTOM AIRPORTS"
1052,"INTERNATIONAL PASSENGERS",GAYA,2017,February,20729,GAY,VEGY,"8 CUSTOM AIRPORTS"
1053,"DOMESTIC PASSENGERS",CHENNAI,2017,February,1055267,MAA,VOMM,"18 INTERNATIONAL AIRPORTS"
1054,"DOMESTIC PASSENGERS",KOLKATA,2017,February,1169993,CCU,VECC,"18 INTERNATIONAL AIRPORTS"
1055,"DOMESTIC PASSENGERS",AHMEDABAD,2017,February,493805,AMD,VAAH,"18 INTERNATIONAL AIRPORTS"
1056,"DOMESTIC PASSENGERS",GOA,2017,February,549790,GOI,VOGO,"18 INTERNATIONAL AIRPORTS"
1057,"DOMESTIC PASSENGERS",TRIVANDRUM,2017,February,120570,TRV,VOTV,"18 INTERNATIONAL AIRPORTS"
1058,"DOMESTIC PASSENGERS",LUCKNOW,2017,February,287272,LKO,VILK,"18 INTERNATIONAL AIRPORTS"
1059,"DOMESTIC PASSENGERS",JAIPUR,2017,February,281147,JAI,VIJP,"18 INTERNATIONAL AIRPORTS"
1060,"DOMESTIC PASSENGERS",GUWAHATI,2017,February,330546,GAU,VEGT,"18 INTERNATIONAL AIRPORTS"
1061,"DOMESTIC PASSENGERS",SRINAGAR,2017,February,149331,SXR,VISR,"18 INTERNATIONAL AIRPORTS"
1062,"DOMESTIC PASSENGERS",CALICUT,2017,February,33064,CCJ,VOCL,"18 INTERNATIONAL AIRPORTS"
1063,"DOMESTIC PASSENGERS",BHUBANESWAR,2017,February,209061,BBI,VEBS,"18 INTERNATIONAL AIRPORTS"
1064,"DOMESTIC PASSENGERS",COIMBATORE,2017,February,160715,CJB,VOCB,"18 INTERNATIONAL AIRPORTS"
1065,"DOMESTIC PASSENGERS",MANGALORE,2017,February,78157,IXE,VOML,"18 INTERNATIONAL AIRPORTS"
1066,"DOMESTIC PASSENGERS",VARANASI,2017,February,171290,VNS,VIBN,"18 INTERNATIONAL AIRPORTS"
1067,"DOMESTIC PASSENGERS",TRICHY,2017,February,11811,TRZ,VOTR,"18 INTERNATIONAL AIRPORTS"
1068,"DOMESTIC PASSENGERS",AMRITSAR,2017,February,87354,ATQ,VIAR,"18 INTERNATIONAL AIRPORTS"
1069,"DOMESTIC PASSENGERS",PORTBLAIR,2017,February,117436,IXZ,VOPB,"18 INTERNATIONAL AIRPORTS"
1070,"DOMESTIC PASSENGERS",IMPHAL,2017,February,73444,IMF,VEIM,"18 INTERNATIONAL AIRPORTS"
1071,"DOMESTIC PASSENGERS","DELHI (DIAL)",2017,February,3486137,DEL,VIDP,"6 JV INTERNATIONAL AIRPORTS"
1072,"DOMESTIC PASSENGERS","MUMBAI (MIAL)",2017,February,2585901,BOM,VABB,"6 JV INTERNATIONAL AIRPORTS"
1073,"DOMESTIC PASSENGERS",BANGALORE,2017,February,1493490,BLR,VOBL,"6 JV INTERNATIONAL AIRPORTS"
1074,"DOMESTIC PASSENGERS",HYDERABAD,2017,February,1026493,HYD,VOHS,"6 JV INTERNATIONAL AIRPORTS"
1075,"DOMESTIC PASSENGERS",COCHIN,2017,February,327648,COK,VOCI,"6 JV INTERNATIONAL AIRPORTS"
1076,"DOMESTIC PASSENGERS",NAGPUR,2017,February,145859,NAG,VANP,"6 JV INTERNATIONAL AIRPORTS"
1077,"DOMESTIC PASSENGERS",CHANDIGARH,2017,February,156587,IXC,VICG,"8 CUSTOM AIRPORTS"
1078,"DOMESTIC PASSENGERS",PUNE,2017,February,564861,,,AUTO-ADDED
1079,"DOMESTIC PASSENGERS",VISAKHAPATNAM,2017,February,181583,,,AUTO-ADDED
1080,"DOMESTIC PASSENGERS",PATNA,2017,February,189968,,,AUTO-ADDED
1081,"DOMESTIC PASSENGERS",BAGDOGRA,2017,February,135927,,,AUTO-ADDED
1082,"DOMESTIC PASSENGERS",MADURAI,2017,February,56453,,,AUTO-ADDED
1083,"DOMESTIC PASSENGERS",AURANGABAD,2017,February,27161,IXU,VAAU,"8 CUSTOM AIRPORTS"
1084,"DOMESTIC PASSENGERS",GAYA,2017,February,6868,GAY,VEGY,"8 CUSTOM AIRPORTS"
1085,"DOMESTIC PASSENGERS",INDORE,2017,February,159424,,,AUTO-ADDED
1086,"DOMESTIC PASSENGERS",RAIPUR,2017,February,119490,,,AUTO-ADDED
1087,"DOMESTIC PASSENGERS",JAMMU,2017,February,100183,,,AUTO-ADDED
1088,"DOMESTIC PASSENGERS",VADODARA,2017,February,87005,,,AUTO-ADDED
1089,"DOMESTIC PASSENGERS",AGARTALA,2017,February,92584,,,AUTO-ADDED
1090,"DOMESTIC PASSENGERS",RANCHI,2017,February,94183,,,AUTO-ADDED
1091,"DOMESTIC PASSENGERS",UDAIPUR,2017,February,93238,,,AUTO-ADDED
1092,"DOMESTIC PASSENGERS",BHOPAL,2017,February,47232,,,AUTO-ADDED
1093,"DOMESTIC PASSENGERS",DEHRADUN,2017,February,72650,,,AUTO-ADDED
1094,"DOMESTIC PASSENGERS",RAJKOT,2017,February,35887,,,AUTO-ADDED
1095,"DOMESTIC PASSENGERS",LEH,2017,February,35544,,,AUTO-ADDED
1096,"DOMESTIC PASSENGERS",VIJAYAWADA,2017,February,49906,,,AUTO-ADDED
1097,"DOMESTIC PASSENGERS",TIRUPATI,2017,February,36951,,,AUTO-ADDED
1098,"DOMESTIC PASSENGERS",DIBRUGARH,2017,February,25270,,,AUTO-ADDED
1099,"DOMESTIC PASSENGERS",JODHPUR,2017,February,38314,,,AUTO-ADDED
1100,"DOMESTIC PASSENGERS",RAJAHMUNDRY,2017,February,22394,,,AUTO-ADDED
1101,"DOMESTIC PASSENGERS",SILCHAR,2017,February,21161,,,AUTO-ADDED
1102,"DOMESTIC PASSENGERS",JUHU,2017,February,12724,,,AUTO-ADDED
1103,"DOMESTIC PASSENGERS",JABALPUR,2017,February,16422,,,AUTO-ADDED
1104,"DOMESTIC PASSENGERS",BHUJ,2017,February,17266,,,AUTO-ADDED
1105,"DOMESTIC PASSENGERS",BELGAUM,2017,February,8260,,,AUTO-ADDED
1106,"DOMESTIC PASSENGERS",DIMAPUR,2017,February,9961,,,AUTO-ADDED
1107,"DOMESTIC PASSENGERS",SURAT,2017,February,19608,,,AUTO-ADDED
1108,"DOMESTIC PASSENGERS",TUTICORIN,2017,February,8303,,,AUTO-ADDED
1109,"DOMESTIC PASSENGERS",JAMNAGAR,2017,February,4810,,,AUTO-ADDED
1110,"DOMESTIC PASSENGERS",GUGGAL,2017,February,7515,,,AUTO-ADDED
1111,"DOMESTIC PASSENGERS",KHAJURAHO,2017,February,7139,,,AUTO-ADDED
1112,"DOMESTIC PASSENGERS",ALLAHABAD,2017,February,3400,,,AUTO-ADDED
1113,"DOMESTIC PASSENGERS",JORHAT,2017,February,5790,,,AUTO-ADDED
1114,"DOMESTIC PASSENGERS",BHAVNAGAR,2017,February,2585,,,AUTO-ADDED
1115,"DOMESTIC PASSENGERS",HUBLI,2017,February,1799,,,AUTO-ADDED
1116,"DOMESTIC PASSENGERS",AGATTI,2017,February,2817,,,AUTO-ADDED
1117,"DOMESTIC PASSENGERS",BHUNTAR,2017,February,2298,,,AUTO-ADDED
1118,"DOMESTIC PASSENGERS",PORBANDAR,2017,February,825,,,AUTO-ADDED
1119,"DOMESTIC PASSENGERS",BARAPANI,2017,February,915,,,AUTO-ADDED
1120,"DOMESTIC PASSENGERS",GORKHPUR,2017,February,6936,,,AUTO-ADDED
1121,"DOMESTIC PASSENGERS",AGRA,2017,February,1627,,,AUTO-ADDED
1122,"DOMESTIC PASSENGERS",GWALIOR,2017,February,1490,,,AUTO-ADDED
1123,"DOMESTIC PASSENGERS",PANTNAGAR,2017,February,1311,,,AUTO-ADDED
1124,"DOMESTIC PASSENGERS",LAKHIMPUR,2017,February,939,,,AUTO-ADDED
1125,"DOMESTIC PASSENGERS",PONDICHERRY,2017,February,0,,,AUTO-ADDED
1126,"DOMESTIC PASSENGERS",TEZPUR,2017,February,602,,,AUTO-ADDED
1127,"DOMESTIC PASSENGERS",CUDDAPAH,2017,February,6,,,AUTO-ADDED
1128,"DOMESTIC PASSENGERS",MYSORE,2017,February,0,,,AUTO-ADDED
1129,"DOMESTIC PASSENGERS",KANPUR,2017,February,511,,,AUTO-ADDED
1130,"DOMESTIC PASSENGERS",LENGPUI,2017,February,20860,,,AUTO-ADDED
1131,"DOMESTIC PASSENGERS",DIU,2017,February,1828,,,AUTO-ADDED
1132,"DOMESTIC PASSENGERS",DURGAPUR,2017,February,541,,,AUTO-ADDED
1133,"DOMESTIC PASSENGERS",NANDED,2017,February,0,,,AUTO-ADDED
1134,"DOMESTIC PASSENGERS",MUNDRA,2017,February,0,,,AUTO-ADDED
2581,"INTERNATIONAL PASSENGERS","(D) 48 DOMESTIC AIRPORTS",2017,December,50,,,AUTO-ADDED
2582,"INTERNATIONAL PASSENGERS","(E) STATE GOVT. / PVT AIRPORTS",2017,December,0,,,AUTO-ADDED
2583,"INTERNATIONAL PASSENGERS","(F) OTHER AIRPORTS",2017,December,0,,,AUTO-ADDED
441,"INTERNATIONAL PASSENGERS",CHENNAI,2017,December,501302,MAA,VOMM,"18 INTERNATIONAL AIRPORTS"
442,"INTERNATIONAL PASSENGERS",KOLKATA,2017,December,248330,CCU,VECC,"18 INTERNATIONAL AIRPORTS"
443,"INTERNATIONAL PASSENGERS",AHMEDABAD,2017,December,166977,AMD,VAAH,"18 INTERNATIONAL AIRPORTS"
444,"INTERNATIONAL PASSENGERS",GOA,2017,December,124797,GOI,VOGO,"18 INTERNATIONAL AIRPORTS"
445,"INTERNATIONAL PASSENGERS",LUCKNOW,2017,December,61658,LKO,VILK,"18 INTERNATIONAL AIRPORTS"
446,"INTERNATIONAL PASSENGERS",TRIVANDRUM,2017,December,229539,TRV,VOTV,"18 INTERNATIONAL AIRPORTS"
447,"INTERNATIONAL PASSENGERS",GUWAHATI,2017,December,2176,GAU,VEGT,"18 INTERNATIONAL AIRPORTS"
448,"INTERNATIONAL PASSENGERS",JAIPUR,2017,December,49811,JAI,VIJP,"18 INTERNATIONAL AIRPORTS"
449,"INTERNATIONAL PASSENGERS",CALICUT,2017,December,233161,CCJ,VOCL,"18 INTERNATIONAL AIRPORTS"
450,"INTERNATIONAL PASSENGERS",BHUBANESWAR,2017,December,12471,BBI,VEBS,"18 INTERNATIONAL AIRPORTS"
451,"INTERNATIONAL PASSENGERS",COIMBATORE,2017,December,26049,CJB,VOCB,"18 INTERNATIONAL AIRPORTS"
452,"INTERNATIONAL PASSENGERS",SRINAGAR,2017,December,0,SXR,VISR,"18 INTERNATIONAL AIRPORTS"
453,"INTERNATIONAL PASSENGERS",VARANASI,2017,December,14065,VNS,VIBN,"18 INTERNATIONAL AIRPORTS"
454,"INTERNATIONAL PASSENGERS",MANGALORE,2017,December,67767,IXE,VOML,"18 INTERNATIONAL AIRPORTS"
455,"INTERNATIONAL PASSENGERS",AMRITSAR,2017,December,56284,ATQ,VIAR,"18 INTERNATIONAL AIRPORTS"
456,"INTERNATIONAL PASSENGERS",TRICHY,2017,December,124415,TRZ,VOTR,"18 INTERNATIONAL AIRPORTS"
457,"INTERNATIONAL PASSENGERS",PORTBLAIR,2017,December,0,IXZ,VOPB,"18 INTERNATIONAL AIRPORTS"
458,"INTERNATIONAL PASSENGERS",IMPHAL,2017,December,0,IMF,VEIM,"18 INTERNATIONAL AIRPORTS"
459,"INTERNATIONAL PASSENGERS","DELHI (DIAL)",2017,December,1615835,DEL,VIDP,"6 JV INTERNATIONAL AIRPORTS"
460,"INTERNATIONAL PASSENGERS","MUMBAI (MIAL)",2017,December,1300294,BOM,VABB,"6 JV INTERNATIONAL AIRPORTS"
461,"INTERNATIONAL PASSENGERS",AURANGABAD,2017,December,0,IXU,VAAU,"8 CUSTOM AIRPORTS"
462,"INTERNATIONAL PASSENGERS",GAYA,2017,December,18863,GAY,VEGY,"8 CUSTOM AIRPORTS"
485,"DOMESTIC PASSENGERS",CHENNAI,2017,December,1313452,MAA,VOMM,"18 INTERNATIONAL AIRPORTS"
486,"DOMESTIC PASSENGERS",KOLKATA,2017,December,1608851,CCU,VECC,"18 INTERNATIONAL AIRPORTS"
487,"DOMESTIC PASSENGERS",AHMEDABAD,2017,December,702628,AMD,VAAH,"18 INTERNATIONAL AIRPORTS"
488,"DOMESTIC PASSENGERS",GOA,2017,December,618056,GOI,VOGO,"18 INTERNATIONAL AIRPORTS"
489,"DOMESTIC PASSENGERS",LUCKNOW,2017,December,374561,LKO,VILK,"18 INTERNATIONAL AIRPORTS"
490,"DOMESTIC PASSENGERS",TRIVANDRUM,2017,December,180628,TRV,VOTV,"18 INTERNATIONAL AIRPORTS"
491,"DOMESTIC PASSENGERS",GUWAHATI,2017,December,406996,GAU,VEGT,"18 INTERNATIONAL AIRPORTS"
492,"DOMESTIC PASSENGERS",JAIPUR,2017,December,405701,JAI,VIJP,"18 INTERNATIONAL AIRPORTS"
493,"DOMESTIC PASSENGERS",CALICUT,2017,December,44178,CCJ,VOCL,"18 INTERNATIONAL AIRPORTS"
494,"DOMESTIC PASSENGERS",BHUBANESWAR,2017,December,297775,BBI,VEBS,"18 INTERNATIONAL AIRPORTS"
495,"DOMESTIC PASSENGERS",COIMBATORE,2017,December,199558,CJB,VOCB,"18 INTERNATIONAL AIRPORTS"
496,"DOMESTIC PASSENGERS",SRINAGAR,2017,December,197064,SXR,VISR,"18 INTERNATIONAL AIRPORTS"
497,"DOMESTIC PASSENGERS",VARANASI,2017,December,170431,VNS,VIBN,"18 INTERNATIONAL AIRPORTS"
498,"DOMESTIC PASSENGERS",MANGALORE,2017,December,143148,IXE,VOML,"18 INTERNATIONAL AIRPORTS"
499,"DOMESTIC PASSENGERS",AMRITSAR,2017,December,162932,ATQ,VIAR,"18 INTERNATIONAL AIRPORTS"
500,"DOMESTIC PASSENGERS",TRICHY,2017,December,12975,TRZ,VOTR,"18 INTERNATIONAL AIRPORTS"
501,"DOMESTIC PASSENGERS",PORTBLAIR,2017,December,157060,IXZ,VOPB,"18 INTERNATIONAL AIRPORTS"
502,"DOMESTIC PASSENGERS",IMPHAL,2017,December,86961,IMF,VEIM,"18 INTERNATIONAL AIRPORTS"
503,"DOMESTIC PASSENGERS","DELHI (DIAL)",2017,December,4331354,DEL,VIDP,"6 JV INTERNATIONAL AIRPORTS"
504,"DOMESTIC PASSENGERS","MUMBAI (MIAL)",2017,December,3112940,BOM,VABB,"6 JV INTERNATIONAL AIRPORTS"
505,"DOMESTIC PASSENGERS",AURANGABAD,2017,December,31037,IXU,VAAU,"8 CUSTOM AIRPORTS"
506,"DOMESTIC PASSENGERS",GAYA,2017,December,6065,GAY,VEGY,"8 CUSTOM AIRPORTS"
2281,"INTERNATIONAL PASSENGERS",VIJAYAWADA,2017,December,0,,,AUTO-ADDED
2282,"INTERNATIONAL PASSENGERS",TIRUPATI,2017,December,0,,,AUTO-ADDED
2283,"INTERNATIONAL PASSENGERS",BANGALORE,2017,December,363702,BLR,VOBL,"6 JV INTERNATIONAL AIRPORTS"
2284,"INTERNATIONAL PASSENGERS",HYDERABAD,2017,December,341128,HYD,VOHS,"6 JV INTERNATIONAL AIRPORTS"
2285,"INTERNATIONAL PASSENGERS",COCHIN,2017,December,461951,COK,VOCI,"6 JV INTERNATIONAL AIRPORTS"
2286,"INTERNATIONAL PASSENGERS",NAGPUR,2017,December,10586,NAG,VANP,"6 JV INTERNATIONAL AIRPORTS"
2287,"INTERNATIONAL PASSENGERS",PUNE,2017,December,21594,,,AUTO-ADDED
2288,"INTERNATIONAL PASSENGERS",VISAKHAPATNAM,2017,December,13636,,,AUTO-ADDED
2289,"INTERNATIONAL PASSENGERS",PATNA,2017,December,0,,,AUTO-ADDED
2290,"INTERNATIONAL PASSENGERS",CHANDIGARH,2017,December,12308,IXC,VICG,"8 CUSTOM AIRPORTS"
2291,"INTERNATIONAL PASSENGERS",BAGDOGRA,2017,December,2146,,,AUTO-ADDED
2292,"INTERNATIONAL PASSENGERS",MADURAI,2017,December,28386,,,AUTO-ADDED
2305,"DOMESTIC PASSENGERS",VIJAYAWADA,2017,December,56871,,,AUTO-ADDED
2306,"DOMESTIC PASSENGERS",TIRUPATI,2017,December,41779,,,AUTO-ADDED
2307,"DOMESTIC PASSENGERS",BANGALORE,2017,December,2136680,BLR,VOBL,"6 JV INTERNATIONAL AIRPORTS"
2308,"DOMESTIC PASSENGERS",HYDERABAD,2017,December,1358551,HYD,VOHS,"6 JV INTERNATIONAL AIRPORTS"
2309,"DOMESTIC PASSENGERS",COCHIN,2017,December,473101,COK,VOCI,"6 JV INTERNATIONAL AIRPORTS"
2310,"DOMESTIC PASSENGERS",NAGPUR,2017,December,209235,NAG,VANP,"6 JV INTERNATIONAL AIRPORTS"
2311,"DOMESTIC PASSENGERS",PUNE,2017,December,714714,,,AUTO-ADDED
2312,"DOMESTIC PASSENGERS",VISAKHAPATNAM,2017,December,206195,,,AUTO-ADDED
2313,"DOMESTIC PASSENGERS",PATNA,2017,December,242025,,,AUTO-ADDED
2314,"DOMESTIC PASSENGERS",CHANDIGARH,2017,December,139807,IXC,VICG,"8 CUSTOM AIRPORTS"
2315,"DOMESTIC PASSENGERS",BAGDOGRA,2017,December,203477,,,AUTO-ADDED
2316,"DOMESTIC PASSENGERS",MADURAI,2017,December,102793,,,AUTO-ADDED
2317,"DOMESTIC PASSENGERS",INDORE,2017,December,211699,,,AUTO-ADDED
2318,"DOMESTIC PASSENGERS",RAIPUR,2017,December,162418,,,AUTO-ADDED
2319,"DOMESTIC PASSENGERS",AGARTALA,2017,December,125352,,,AUTO-ADDED
2320,"DOMESTIC PASSENGERS",JAMMU,2017,December,131550,,,AUTO-ADDED
2321,"DOMESTIC PASSENGERS",VADODARA,2017,December,90838,,,AUTO-ADDED
2322,"DOMESTIC PASSENGERS",UDAIPUR,2017,December,118235,,,AUTO-ADDED
2323,"DOMESTIC PASSENGERS",RANCHI,2017,December,179708,,,AUTO-ADDED
2324,"DOMESTIC PASSENGERS",DEHRADUN,2017,December,92291,,,AUTO-ADDED
2325,"DOMESTIC PASSENGERS",BHOPAL,2017,December,64572,,,AUTO-ADDED
2326,"DOMESTIC PASSENGERS",LEH,2017,December,39925,,,AUTO-ADDED
2327,"DOMESTIC PASSENGERS",RAJKOT,2017,December,33845,,,AUTO-ADDED
2328,"DOMESTIC PASSENGERS",JODHPUR,2017,December,48683,,,AUTO-ADDED
2329,"DOMESTIC PASSENGERS",DIBRUGARH,2017,December,28818,,,AUTO-ADDED
2330,"DOMESTIC PASSENGERS",RAJAHMUNDRY,2017,December,16372,,,AUTO-ADDED
2331,"DOMESTIC PASSENGERS",SILCHAR,2017,December,35168,,,AUTO-ADDED
2332,"DOMESTIC PASSENGERS",SURAT,2017,December,58692,,,AUTO-ADDED
2333,"DOMESTIC PASSENGERS",BHUJ,2017,December,17635,,,AUTO-ADDED
2334,"DOMESTIC PASSENGERS",JUHU,2017,December,13706,,,AUTO-ADDED
2335,"DOMESTIC PASSENGERS",JABALPUR,2017,December,21486,,,AUTO-ADDED
2336,"DOMESTIC PASSENGERS",DIMAPUR,2017,December,17238,,,AUTO-ADDED
2337,"DOMESTIC PASSENGERS",GUGGAL,2017,December,11152,,,AUTO-ADDED
2338,"DOMESTIC PASSENGERS",TUTICORIN,2017,December,7799,,,AUTO-ADDED
2339,"DOMESTIC PASSENGERS",BELGAUM,2017,December,15924,,,AUTO-ADDED
2340,"DOMESTIC PASSENGERS",JAMNAGAR,2017,December,6686,,,AUTO-ADDED
2341,"DOMESTIC PASSENGERS",KHAJURAHO,2017,December,5674,,,AUTO-ADDED
2342,"DOMESTIC PASSENGERS",JORHAT,2017,December,6713,,,AUTO-ADDED
2343,"DOMESTIC PASSENGERS",GORAKHPUR,2017,December,0,,,AUTO-ADDED
2344,"DOMESTIC PASSENGERS",ALLAHABAD,2017,December,3800,,,AUTO-ADDED
2345,"DOMESTIC PASSENGERS",AGATTI,2017,December,3060,,,AUTO-ADDED
2346,"DOMESTIC PASSENGERS",HUBLI,2017,December,5598,,,AUTO-ADDED
2347,"DOMESTIC PASSENGERS",BHUNTAR,2017,December,2338,,,AUTO-ADDED
2348,"DOMESTIC PASSENGERS",BHAVNAGAR,2017,December,1938,,,AUTO-ADDED
2349,"DOMESTIC PASSENGERS",DIU,2017,December,2028,,,AUTO-ADDED
2350,"DOMESTIC PASSENGERS",GWALIOR,2017,December,2716,,,AUTO-ADDED
2351,"DOMESTIC PASSENGERS",BARAPANI,2017,December,980,,,AUTO-ADDED
2352,"DOMESTIC PASSENGERS",PANTNAGAR,2017,December,788,,,AUTO-ADDED
2353,"DOMESTIC PASSENGERS",LAKHIMPUR,2017,December,1038,,,AUTO-ADDED
2354,"DOMESTIC PASSENGERS",AGRA,2017,December,1861,,,AUTO-ADDED
2355,"DOMESTIC PASSENGERS",TEZPUR,2017,December,727,,,AUTO-ADDED
2356,"DOMESTIC PASSENGERS",BHATINDA,2017,December,1579,,,AUTO-ADDED
2357,"DOMESTIC PASSENGERS",PORBANDAR,2017,December,4858,,,AUTO-ADDED
2358,"DOMESTIC PASSENGERS",KANPUR,2017,December,0,,,AUTO-ADDED
2359,"DOMESTIC PASSENGERS",CUDDAPAH,2017,December,4422,,,AUTO-ADDED
2360,"DOMESTIC PASSENGERS",BIKANER,2017,December,3903,,,AUTO-ADDED
2361,"DOMESTIC PASSENGERS",JAISALMER,2017,December,9439,,,AUTO-ADDED
2362,"DOMESTIC PASSENGERS",LUDHIANA,2017,December,1262,,,AUTO-ADDED
2363,"DOMESTIC PASSENGERS",KOLHAPUR,2017,December,0,,,AUTO-ADDED
2364,"DOMESTIC PASSENGERS",SHIMLA,2017,December,1068,,,AUTO-ADDED
2365,"DOMESTIC PASSENGERS",LENGPUI,2017,December,23219,,,AUTO-ADDED
2366,"DOMESTIC PASSENGERS",DURGAPUR,2017,December,0,,,AUTO-ADDED
2367,"DOMESTIC PASSENGERS",NANDED,2017,December,7295,,,AUTO-ADDED
2368,"DOMESTIC PASSENGERS",MUNDRA,2017,December,0,,,AUTO-ADDED
2451,"DOMESTIC PASSENGERS","OTHER AIRPORTS",2017,December,19226,,,AUTO-ADDED
2445,"DOMESTIC PASSENGERS","OTHER AIRPORTS",2017,AUG,6233,,,AUTO-ADDED
2453,"DOMESTIC PASSENGERS",BANGALORE,2017,AUG,1829612,BLR,VOBL,"6 JV INTERNATIONAL AIRPORTS"
2454,"DOMESTIC PASSENGERS",HYDERABAD,2017,AUG,1124138,HYD,VOHS,"6 JV INTERNATIONAL AIRPORTS"
2455,"DOMESTIC PASSENGERS",COCHIN,2017,AUG,387609,COK,VOCI,"6 JV INTERNATIONAL AIRPORTS"
2456,"DOMESTIC PASSENGERS",NAGPUR,2017,AUG,159983,NAG,VANP,"6 JV INTERNATIONAL AIRPORTS"
2457,"DOMESTIC PASSENGERS",PUNE,2017,AUG,651608,,,AUTO-ADDED
2458,"DOMESTIC PASSENGERS",VISAKHAPATNAM,2017,AUG,171678,,,AUTO-ADDED
2459,"DOMESTIC PASSENGERS",PATNA,2017,AUG,244116,,,AUTO-ADDED
2460,"DOMESTIC PASSENGERS","CHANDIGARH  (JV AIRPORT",2017,AUG,188084,,,AUTO-ADDED
2461,"DOMESTIC PASSENGERS",BAGDOGRA,2017,AUG,165609,,,AUTO-ADDED
2462,"DOMESTIC PASSENGERS",MADURAI,2017,AUG,81489,,,AUTO-ADDED
2463,"DOMESTIC PASSENGERS",INDORE,2017,AUG,180139,,,AUTO-ADDED
2464,"DOMESTIC PASSENGERS",RAIPUR,2017,AUG,127746,,,AUTO-ADDED
2465,"DOMESTIC PASSENGERS",AGARTALA,2017,AUG,112502,,,AUTO-ADDED
2466,"DOMESTIC PASSENGERS",JAMMU,2017,AUG,106085,,,AUTO-ADDED
2467,"DOMESTIC PASSENGERS",VADODARA,2017,AUG,77129,,,AUTO-ADDED
2468,"DOMESTIC PASSENGERS",UDAIPUR,2017,AUG,85831,,,AUTO-ADDED
2469,"DOMESTIC PASSENGERS",RANCHI,2017,AUG,121463,,,AUTO-ADDED
2470,"DOMESTIC PASSENGERS",DEHRADUN,2017,AUG,87696,,,AUTO-ADDED
2471,"DOMESTIC PASSENGERS",BHOPAL,2017,AUG,59506,,,AUTO-ADDED
2472,"DOMESTIC PASSENGERS",VIJAYAWADA,2017,AUG,63386,,,AUTO-ADDED
2473,"DOMESTIC PASSENGERS",LEH,2017,AUG,76029,,,AUTO-ADDED
2474,"DOMESTIC PASSENGERS",TIRUPATI,2017,AUG,52236,,,AUTO-ADDED
2475,"DOMESTIC PASSENGERS",RAJKOT,2017,AUG,30136,,,AUTO-ADDED
2476,"DOMESTIC PASSENGERS",JODHPUR,2017,AUG,36347,,,AUTO-ADDED
2477,"DOMESTIC PASSENGERS",DIBRUGARH,2017,AUG,27003,,,AUTO-ADDED
2478,"DOMESTIC PASSENGERS",RAJAHMUNDRY,2017,AUG,21404,,,AUTO-ADDED
2479,"DOMESTIC PASSENGERS",SILCHAR,2017,AUG,30800,,,AUTO-ADDED
2480,"DOMESTIC PASSENGERS",SURAT,2017,AUG,66569,,,AUTO-ADDED
2481,"DOMESTIC PASSENGERS",BHUJ,2017,AUG,14167,,,AUTO-ADDED
2482,"DOMESTIC PASSENGERS",JUHU,2017,AUG,12796,,,AUTO-ADDED
2483,"DOMESTIC PASSENGERS",JABALPUR,2017,AUG,17766,,,AUTO-ADDED
2484,"DOMESTIC PASSENGERS",DIMAPUR,2017,AUG,16230,,,AUTO-ADDED
2485,"DOMESTIC PASSENGERS",GUGGAL,2017,AUG,12620,,,AUTO-ADDED
2486,"DOMESTIC PASSENGERS",TUTICORIN,2017,AUG,8159,,,AUTO-ADDED
2487,"DOMESTIC PASSENGERS",BELGAUM,2017,AUG,9093,,,AUTO-ADDED
2488,"DOMESTIC PASSENGERS",JAMNAGAR,2017,AUG,5303,,,AUTO-ADDED
2489,"DOMESTIC PASSENGERS",KHAJURAHO,2017,AUG,2675,,,AUTO-ADDED
2490,"DOMESTIC PASSENGERS",JORHAT,2017,AUG,6355,,,AUTO-ADDED
2491,"DOMESTIC PASSENGERS",GORKHPUR,2017,AUG,11936,,,AUTO-ADDED
2492,"DOMESTIC PASSENGERS",ALLAHABAD,2017,AUG,4030,,,AUTO-ADDED
2493,"DOMESTIC PASSENGERS",AGATTI,2017,AUG,2928,,,AUTO-ADDED
2494,"DOMESTIC PASSENGERS",HUBLI,2017,AUG,3659,,,AUTO-ADDED
2495,"DOMESTIC PASSENGERS",BHUNTAR,2017,AUG,1973,,,AUTO-ADDED
2496,"DOMESTIC PASSENGERS",BHAVNAGAR,2017,AUG,2724,,,AUTO-ADDED
2497,"DOMESTIC PASSENGERS",DIU,2017,AUG,1536,,,AUTO-ADDED
2498,"DOMESTIC PASSENGERS",GWALIOR,2017,AUG,2014,,,AUTO-ADDED
2499,"DOMESTIC PASSENGERS",BARAPANI,2017,AUG,948,,,AUTO-ADDED
2500,"DOMESTIC PASSENGERS",PANTNAGAR,2017,AUG,1338,,,AUTO-ADDED
2501,"DOMESTIC PASSENGERS",LAKHIMPUR,2017,AUG,973,,,AUTO-ADDED
2502,"DOMESTIC PASSENGERS",AGRA,2017,AUG,499,,,AUTO-ADDED
2503,"DOMESTIC PASSENGERS",TEZPUR,2017,AUG,678,,,AUTO-ADDED
2504,"DOMESTIC PASSENGERS",BHATINDA,2017,AUG,1292,,,AUTO-ADDED
2505,"DOMESTIC PASSENGERS",PORBANDAR,2017,AUG,4637,,,AUTO-ADDED
2506,"DOMESTIC PASSENGERS",KANPUR,2017,AUG,0,,,AUTO-ADDED
2507,"DOMESTIC PASSENGERS",CUDDAPAH,2017,AUG,3218,,,AUTO-ADDED
2508,"DOMESTIC PASSENGERS",BIKANER,2017,AUG,169,,,AUTO-ADDED
2509,"DOMESTIC PASSENGERS",JAISALMER,2017,AUG,0,,,AUTO-ADDED
2510,"DOMESTIC PASSENGERS",LUDHIANA,2017,AUG,13,,,AUTO-ADDED
2511,"DOMESTIC PASSENGERS",KOLHAPUR,2017,AUG,0,,,AUTO-ADDED
2512,"DOMESTIC PASSENGERS",SHIMLA,2017,AUG,595,,,AUTO-ADDED
2513,"DOMESTIC PASSENGERS",LENGPUI,2017,AUG,27549,,,AUTO-ADDED
2514,"DOMESTIC PASSENGERS",DURGAPUR,2017,AUG,181,,,AUTO-ADDED
2515,"DOMESTIC PASSENGERS",NANDED,2017,AUG,2513,,,AUTO-ADDED
2516,"DOMESTIC PASSENGERS",MUNDRA,2017,AUG,0,,,AUTO-ADDED
2623,"INTERNATIONAL PASSENGERS","(D) 48 DOMESTIC AIRPORTS",2017,AUG,6789,,,AUTO-ADDED
2624,"INTERNATIONAL PASSENGERS","(E) STATE GOVT. / PVT AIRPORTS",2017,AUG,0,,,AUTO-ADDED
2625,"INTERNATIONAL PASSENGERS","(F) OTHER AIRPORTS",2017,AUG,0,,,AUTO-ADDED
1965,"INTERNATIONAL PASSENGERS",BANGALORE,2017,AUG,314632,BLR,VOBL,"6 JV INTERNATIONAL AIRPORTS"
1966,"INTERNATIONAL PASSENGERS",HYDERABAD,2017,AUG,320374,HYD,VOHS,"6 JV INTERNATIONAL AIRPORTS"
1967,"INTERNATIONAL PASSENGERS",COCHIN,2017,AUG,491743,COK,VOCI,"6 JV INTERNATIONAL AIRPORTS"
1968,"INTERNATIONAL PASSENGERS",NAGPUR,2017,AUG,9696,NAG,VANP,"6 JV INTERNATIONAL AIRPORTS"
1969,"INTERNATIONAL PASSENGERS",PUNE,2017,AUG,24202,,,AUTO-ADDED
1970,"INTERNATIONAL PASSENGERS",VISAKHAPATNAM,2017,AUG,11217,,,AUTO-ADDED
1971,"INTERNATIONAL PASSENGERS",PATNA,2017,AUG,0,,,AUTO-ADDED
1972,"INTERNATIONAL PASSENGERS","CHANDIGARH  (JV AIRPORT",2017,AUG,10697,,,AUTO-ADDED
1973,"INTERNATIONAL PASSENGERS",BAGDOGRA,2017,AUG,1932,,,AUTO-ADDED
1974,"INTERNATIONAL PASSENGERS",MADURAI,2017,AUG,24515,,,AUTO-ADDED
221,"INTERNATIONAL PASSENGERS",CHENNAI,2017,AUG,472427,MAA,VOMM,"18 INTERNATIONAL AIRPORTS"
222,"INTERNATIONAL PASSENGERS",KOLKATA,2017,AUG,205611,CCU,VECC,"18 INTERNATIONAL AIRPORTS"
223,"INTERNATIONAL PASSENGERS",AHMEDABAD,2017,AUG,143821,AMD,VAAH,"18 INTERNATIONAL AIRPORTS"
224,"INTERNATIONAL PASSENGERS",GOA,2017,AUG,24960,GOI,VOGO,"18 INTERNATIONAL AIRPORTS"
225,"INTERNATIONAL PASSENGERS",LUCKNOW,2017,AUG,58846,LKO,VILK,"18 INTERNATIONAL AIRPORTS"
226,"INTERNATIONAL PASSENGERS",TRIVANDRUM,2017,AUG,228135,TRV,VOTV,"18 INTERNATIONAL AIRPORTS"
227,"INTERNATIONAL PASSENGERS",GUWAHATI,2017,AUG,1729,GAU,VEGT,"18 INTERNATIONAL AIRPORTS"
228,"INTERNATIONAL PASSENGERS",JAIPUR,2017,AUG,42280,JAI,VIJP,"18 INTERNATIONAL AIRPORTS"
229,"INTERNATIONAL PASSENGERS",CALICUT,2017,AUG,242589,CCJ,VOCL,"18 INTERNATIONAL AIRPORTS"
230,"INTERNATIONAL PASSENGERS",BHUBANESWAR,2017,AUG,6059,BBI,VEBS,"18 INTERNATIONAL AIRPORTS"
231,"INTERNATIONAL PASSENGERS",COIMBATORE,2017,AUG,15282,CJB,VOCB,"18 INTERNATIONAL AIRPORTS"
232,"INTERNATIONAL PASSENGERS",SRINAGAR,2017,AUG,2230,SXR,VISR,"18 INTERNATIONAL AIRPORTS"
233,"INTERNATIONAL PASSENGERS",VARANASI,2017,AUG,12949,VNS,VIBN,"18 INTERNATIONAL AIRPORTS"
234,"INTERNATIONAL PASSENGERS",MANGALORE,2017,AUG,69505,IXE,VOML,"18 INTERNATIONAL AIRPORTS"
235,"INTERNATIONAL PASSENGERS",AMRITSAR,2017,AUG,48108,ATQ,VIAR,"18 INTERNATIONAL AIRPORTS"
236,"INTERNATIONAL PASSENGERS",TRICHY,2017,AUG,110425,TRZ,VOTR,"18 INTERNATIONAL AIRPORTS"
237,"INTERNATIONAL PASSENGERS",PORTBLAIR,2017,AUG,0,IXZ,VOPB,"18 INTERNATIONAL AIRPORTS"
238,"INTERNATIONAL PASSENGERS",IMPHAL,2017,AUG,0,IMF,VEIM,"18 INTERNATIONAL AIRPORTS"
239,"INTERNATIONAL PASSENGERS","DELHI (DIAL)",2017,AUG,1384606,DEL,VIDP,"6 JV INTERNATIONAL AIRPORTS"
240,"INTERNATIONAL PASSENGERS","MUMBAI (MIAL)",2017,AUG,1094415,BOM,VABB,"6 JV INTERNATIONAL AIRPORTS"
241,"INTERNATIONAL PASSENGERS",AURANGABAD,2017,AUG,2764,IXU,VAAU,"8 CUSTOM AIRPORTS"
242,"INTERNATIONAL PASSENGERS",GAYA,2017,AUG,6562,GAY,VEGY,"8 CUSTOM AIRPORTS"
529,"DOMESTIC PASSENGERS",CHENNAI,2017,AUG,1112549,MAA,VOMM,"18 INTERNATIONAL AIRPORTS"
530,"DOMESTIC PASSENGERS",KOLKATA,2017,AUG,1330204,CCU,VECC,"18 INTERNATIONAL AIRPORTS"
531,"DOMESTIC PASSENGERS",AHMEDABAD,2017,AUG,561253,AMD,VAAH,"18 INTERNATIONAL AIRPORTS"
532,"DOMESTIC PASSENGERS",GOA,2017,AUG,532481,GOI,VOGO,"18 INTERNATIONAL AIRPORTS"
533,"DOMESTIC PASSENGERS",LUCKNOW,2017,AUG,301208,LKO,VILK,"18 INTERNATIONAL AIRPORTS"
534,"DOMESTIC PASSENGERS",TRIVANDRUM,2017,AUG,151280,TRV,VOTV,"18 INTERNATIONAL AIRPORTS"
535,"DOMESTIC PASSENGERS",GUWAHATI,2017,AUG,372856,GAU,VEGT,"18 INTERNATIONAL AIRPORTS"
536,"DOMESTIC PASSENGERS",JAIPUR,2017,AUG,341728,JAI,VIJP,"18 INTERNATIONAL AIRPORTS"
537,"DOMESTIC PASSENGERS",CALICUT,2017,AUG,46536,CCJ,VOCL,"18 INTERNATIONAL AIRPORTS"
538,"DOMESTIC PASSENGERS",BHUBANESWAR,2017,AUG,239040,BBI,VEBS,"18 INTERNATIONAL AIRPORTS"
539,"DOMESTIC PASSENGERS",COIMBATORE,2017,AUG,160754,CJB,VOCB,"18 INTERNATIONAL AIRPORTS"
540,"DOMESTIC PASSENGERS",SRINAGAR,2017,AUG,180054,SXR,VISR,"18 INTERNATIONAL AIRPORTS"
541,"DOMESTIC PASSENGERS",VARANASI,2017,AUG,144312,VNS,VIBN,"18 INTERNATIONAL AIRPORTS"
542,"DOMESTIC PASSENGERS",MANGALORE,2017,AUG,119022,IXE,VOML,"18 INTERNATIONAL AIRPORTS"
543,"DOMESTIC PASSENGERS",AMRITSAR,2017,AUG,124537,ATQ,VIAR,"18 INTERNATIONAL AIRPORTS"
544,"DOMESTIC PASSENGERS",TRICHY,2017,AUG,9648,TRZ,VOTR,"18 INTERNATIONAL AIRPORTS"
545,"DOMESTIC PASSENGERS",PORTBLAIR,2017,AUG,83737,IXZ,VOPB,"18 INTERNATIONAL AIRPORTS"
546,"DOMESTIC PASSENGERS",IMPHAL,2017,AUG,80202,IMF,VEIM,"18 INTERNATIONAL AIRPORTS"
547,"DOMESTIC PASSENGERS","DELHI (DIAL)",2017,AUG,3814545,DEL,VIDP,"6 JV INTERNATIONAL AIRPORTS"
548,"DOMESTIC PASSENGERS","MUMBAI (MIAL)",2017,AUG,2827209,BOM,VABB,"6 JV INTERNATIONAL AIRPORTS"
549,"DOMESTIC PASSENGERS",AURANGABAD,2017,AUG,28236,IXU,VAAU,"8 CUSTOM AIRPORTS"
550,"DOMESTIC PASSENGERS",GAYA,2017,AUG,3830,GAY,VEGY,"8 CUSTOM AIRPORTS"
2439,"DOMESTIC PASSENGERS","OTHER AIRPORTS",2017,APRIL,13,,,AUTO-ADDED
2605,"INTERNATIONAL PASSENGERS","(D) 48 DOMESTIC AIRPORTS",2017,APRIL,190,,,AUTO-ADDED
2606,"INTERNATIONAL PASSENGERS","(E) STATE GOVT. / PVT AIRPORTS",2017,APRIL,0,,,AUTO-ADDED
2607,"INTERNATIONAL PASSENGERS","(F) OTHER AIRPORTS",2017,APRIL,0,,,AUTO-ADDED
1,"DOMESTIC PASSENGERS",CHENNAI,2017,APRIL,1187664,MAA,VOMM,"18 INTERNATIONAL AIRPORTS"
2,"DOMESTIC PASSENGERS",KOLKATA,2017,APRIL,1268187,CCU,VECC,"18 INTERNATIONAL AIRPORTS"
3,"DOMESTIC PASSENGERS",AHMEDABAD,2017,APRIL,545094,AMD,VAAH,"18 INTERNATIONAL AIRPORTS"
4,"DOMESTIC PASSENGERS",GOA,2017,APRIL,528104,GOI,VOGO,"18 INTERNATIONAL AIRPORTS"
5,"DOMESTIC PASSENGERS",LUCKNOW,2017,APRIL,289634,LKO,VILK,"18 INTERNATIONAL AIRPORTS"
6,"DOMESTIC PASSENGERS",TRIVANDRUM,2017,APRIL,137572,TRV,VOTV,"18 INTERNATIONAL AIRPORTS"
7,"DOMESTIC PASSENGERS",GUWAHATI,2017,APRIL,369806,GAU,VEGT,"18 INTERNATIONAL AIRPORTS"
8,"DOMESTIC PASSENGERS",JAIPUR,2017,APRIL,302200,JAI,VIJP,"18 INTERNATIONAL AIRPORTS"
9,"DOMESTIC PASSENGERS",CALICUT,2017,APRIL,46012,CCJ,VOCL,"18 INTERNATIONAL AIRPORTS"
10,"DOMESTIC PASSENGERS",BHUBANESWAR,2017,APRIL,220533,BBI,VEBS,"18 INTERNATIONAL AIRPORTS"
11,"DOMESTIC PASSENGERS",COIMBATORE,2017,APRIL,171649,CJB,VOCB,"18 INTERNATIONAL AIRPORTS"
12,"DOMESTIC PASSENGERS",SRINAGAR,2017,APRIL,215418,SXR,VISR,"18 INTERNATIONAL AIRPORTS"
13,"DOMESTIC PASSENGERS",VARANASI,2017,APRIL,128153,VNS,VIBN,"18 INTERNATIONAL AIRPORTS"
14,"DOMESTIC PASSENGERS",MANGALORE,2017,APRIL,85807,IXE,VOML,"18 INTERNATIONAL AIRPORTS"
15,"DOMESTIC PASSENGERS",AMRITSAR,2017,APRIL,110531,ATQ,VIAR,"18 INTERNATIONAL AIRPORTS"
16,"DOMESTIC PASSENGERS",TRICHY,2017,APRIL,9429,TRZ,VOTR,"18 INTERNATIONAL AIRPORTS"
17,"DOMESTIC PASSENGERS",PORTBLAIR,2017,APRIL,121073,IXZ,VOPB,"18 INTERNATIONAL AIRPORTS"
18,"DOMESTIC PASSENGERS",IMPHAL,2017,APRIL,77731,IMF,VEIM,"18 INTERNATIONAL AIRPORTS"
19,"DOMESTIC PASSENGERS","DELHI (DIAL)",2017,APRIL,3710715,DEL,VIDP,"6 JV INTERNATIONAL AIRPORTS"
20,"DOMESTIC PASSENGERS","MUMBAI (MIAL)",2017,APRIL,2631112,BOM,VABB,"6 JV INTERNATIONAL AIRPORTS"
21,"DOMESTIC PASSENGERS",AURANGABAD,2017,APRIL,25547,IXU,VAAU,"8 CUSTOM AIRPORTS"
22,"DOMESTIC PASSENGERS",GAYA,2017,APRIL,3293,GAY,VEGY,"8 CUSTOM AIRPORTS"
1477,"INTERNATIONAL PASSENGERS",CHENNAI,2017,APRIL,426148,MAA,VOMM,"18 INTERNATIONAL AIRPORTS"
1478,"INTERNATIONAL PASSENGERS",KOLKATA,2017,APRIL,197231,CCU,VECC,"18 INTERNATIONAL AIRPORTS"
1479,"INTERNATIONAL PASSENGERS",AHMEDABAD,2017,APRIL,135687,AMD,VAAH,"18 INTERNATIONAL AIRPORTS"
1480,"INTERNATIONAL PASSENGERS",GOA,2017,APRIL,62653,GOI,VOGO,"18 INTERNATIONAL AIRPORTS"
1481,"INTERNATIONAL PASSENGERS",LUCKNOW,2017,APRIL,57174,LKO,VILK,"18 INTERNATIONAL AIRPORTS"
1482,"INTERNATIONAL PASSENGERS",TRIVANDRUM,2017,APRIL,212108,TRV,VOTV,"18 INTERNATIONAL AIRPORTS"
1483,"INTERNATIONAL PASSENGERS",GUWAHATI,2017,APRIL,2105,GAU,VEGT,"18 INTERNATIONAL AIRPORTS"
1484,"INTERNATIONAL PASSENGERS",JAIPUR,2017,APRIL,41083,JAI,VIJP,"18 INTERNATIONAL AIRPORTS"
1485,"INTERNATIONAL PASSENGERS",CALICUT,2017,APRIL,231067,CCJ,VOCL,"18 INTERNATIONAL AIRPORTS"
1486,"INTERNATIONAL PASSENGERS",BHUBANESWAR,2017,APRIL,2345,BBI,VEBS,"18 INTERNATIONAL AIRPORTS"
1487,"INTERNATIONAL PASSENGERS",COIMBATORE,2017,APRIL,12321,CJB,VOCB,"18 INTERNATIONAL AIRPORTS"
1488,"INTERNATIONAL PASSENGERS",SRINAGAR,2017,APRIL,0,SXR,VISR,"18 INTERNATIONAL AIRPORTS"
1489,"INTERNATIONAL PASSENGERS",VARANASI,2017,APRIL,9949,VNS,VIBN,"18 INTERNATIONAL AIRPORTS"
1490,"INTERNATIONAL PASSENGERS",MANGALORE,2017,APRIL,69238,IXE,VOML,"18 INTERNATIONAL AIRPORTS"
1491,"INTERNATIONAL PASSENGERS",AMRITSAR,2017,APRIL,45119,ATQ,VIAR,"18 INTERNATIONAL AIRPORTS"
1492,"INTERNATIONAL PASSENGERS",TRICHY,2017,APRIL,107959,TRZ,VOTR,"18 INTERNATIONAL AIRPORTS"
1493,"INTERNATIONAL PASSENGERS",PORTBLAIR,2017,APRIL,12,IXZ,VOPB,"18 INTERNATIONAL AIRPORTS"
1494,"INTERNATIONAL PASSENGERS",IMPHAL,2017,APRIL,0,IMF,VEIM,"18 INTERNATIONAL AIRPORTS"
1495,"INTERNATIONAL PASSENGERS","DELHI (DIAL)",2017,APRIL,1309169,DEL,VIDP,"6 JV INTERNATIONAL AIRPORTS"
1496,"INTERNATIONAL PASSENGERS","MUMBAI (MIAL)",2017,APRIL,1045541,BOM,VABB,"6 JV INTERNATIONAL AIRPORTS"
1497,"INTERNATIONAL PASSENGERS",BANGALORE,2017,APRIL,302729,BLR,VOBL,"6 JV INTERNATIONAL AIRPORTS"
1498,"INTERNATIONAL PASSENGERS",HYDERABAD,2017,APRIL,278872,HYD,VOHS,"6 JV INTERNATIONAL AIRPORTS"
1499,"INTERNATIONAL PASSENGERS",COCHIN,2017,APRIL,463746,COK,VOCI,"6 JV INTERNATIONAL AIRPORTS"
1500,"INTERNATIONAL PASSENGERS",NAGPUR,2017,APRIL,7486,NAG,VANP,"6 JV INTERNATIONAL AIRPORTS"
1501,"INTERNATIONAL PASSENGERS",PUNE,2017,APRIL,25028,,,AUTO-ADDED
1502,"INTERNATIONAL PASSENGERS",VISAKHAPATNAM,2017,APRIL,9181,,,AUTO-ADDED
1503,"INTERNATIONAL PASSENGERS",PATNA,2017,APRIL,0,,,AUTO-ADDED
1504,"INTERNATIONAL PASSENGERS",CHANDIGARH,2017,APRIL,12210,IXC,VICG,"8 CUSTOM AIRPORTS"
1505,"INTERNATIONAL PASSENGERS",BAGDOGRA,2017,APRIL,2132,,,AUTO-ADDED
1506,"INTERNATIONAL PASSENGERS",MADURAI,2017,APRIL,23269,,,AUTO-ADDED
1507,"INTERNATIONAL PASSENGERS",AURANGABAD,2017,APRIL,0,IXU,VAAU,"8 CUSTOM AIRPORTS"
1508,"INTERNATIONAL PASSENGERS",GAYA,2017,APRIL,5596,GAY,VEGY,"8 CUSTOM AIRPORTS"
1541,"DOMESTIC PASSENGERS",BANGALORE,2017,APRIL,1504943,BLR,VOBL,"6 JV INTERNATIONAL AIRPORTS"
1542,"DOMESTIC PASSENGERS",HYDERABAD,2017,APRIL,1080938,HYD,VOHS,"6 JV INTERNATIONAL AIRPORTS"
1543,"DOMESTIC PASSENGERS",COCHIN,2017,APRIL,342550,COK,VOCI,"6 JV INTERNATIONAL AIRPORTS"
1544,"DOMESTIC PASSENGERS",NAGPUR,2017,APRIL,145138,NAG,VANP,"6 JV INTERNATIONAL AIRPORTS"
1545,"DOMESTIC PASSENGERS",PUNE,2017,APRIL,580176,,,AUTO-ADDED
1546,"DOMESTIC PASSENGERS",VISAKHAPATNAM,2017,APRIL,187247,,,AUTO-ADDED
1547,"DOMESTIC PASSENGERS",PATNA,2017,APRIL,220340,,,AUTO-ADDED
1548,"DOMESTIC PASSENGERS",CHANDIGARH,2017,APRIL,200912,IXC,VICG,"8 CUSTOM AIRPORTS"
1549,"DOMESTIC PASSENGERS",BAGDOGRA,2017,APRIL,186293,,,AUTO-ADDED
1550,"DOMESTIC PASSENGERS",MADURAI,2017,APRIL,97285,,,AUTO-ADDED
1551,"DOMESTIC PASSENGERS",INDORE,2017,APRIL,169658,,,AUTO-ADDED
1552,"DOMESTIC PASSENGERS",RAIPUR,2017,APRIL,101501,,,AUTO-ADDED
1553,"DOMESTIC PASSENGERS",AGARTALA,2017,APRIL,102567,,,AUTO-ADDED
1554,"DOMESTIC PASSENGERS",JAMMU,2017,APRIL,113247,,,AUTO-ADDED
1555,"DOMESTIC PASSENGERS",VADODARA,2017,APRIL,77708,,,AUTO-ADDED
1556,"DOMESTIC PASSENGERS",UDAIPUR,2017,APRIL,77066,,,AUTO-ADDED
1557,"DOMESTIC PASSENGERS",RANCHI,2017,APRIL,107574,,,AUTO-ADDED
1558,"DOMESTIC PASSENGERS",DEHRADUN,2017,APRIL,89679,,,AUTO-ADDED
1559,"DOMESTIC PASSENGERS",BHOPAL,2017,APRIL,50192,,,AUTO-ADDED
1560,"DOMESTIC PASSENGERS",VIJAYAWADA,2017,APRIL,54659,,,AUTO-ADDED
1561,"DOMESTIC PASSENGERS",LEH,2017,APRIL,42346,,,AUTO-ADDED
1562,"DOMESTIC PASSENGERS",TIRUPATI,2017,APRIL,41811,,,AUTO-ADDED
1563,"DOMESTIC PASSENGERS",RAJKOT,2017,APRIL,28322,,,AUTO-ADDED
1564,"DOMESTIC PASSENGERS",JODHPUR,2017,APRIL,32340,,,AUTO-ADDED
1565,"DOMESTIC PASSENGERS",DIBRUGARH,2017,APRIL,27721,,,AUTO-ADDED
1566,"DOMESTIC PASSENGERS",RAJAHMUNDRY,2017,APRIL,20627,,,AUTO-ADDED
1567,"DOMESTIC PASSENGERS",SILCHAR,2017,APRIL,24446,,,AUTO-ADDED
1568,"DOMESTIC PASSENGERS",SURAT,2017,APRIL,28173,,,AUTO-ADDED
1569,"DOMESTIC PASSENGERS",BHUJ,2017,APRIL,5056,,,AUTO-ADDED
1570,"DOMESTIC PASSENGERS",JUHU,2017,APRIL,17302,,,AUTO-ADDED
1571,"DOMESTIC PASSENGERS",JABALPUR,2017,APRIL,17404,,,AUTO-ADDED
1572,"DOMESTIC PASSENGERS",DIMAPUR,2017,APRIL,14206,,,AUTO-ADDED
1573,"DOMESTIC PASSENGERS",GUGGAL,2017,APRIL,11326,,,AUTO-ADDED
1574,"DOMESTIC PASSENGERS",TUTICORIN,2017,APRIL,8105,,,AUTO-ADDED
1575,"DOMESTIC PASSENGERS",BELGAUM,2017,APRIL,8581,,,AUTO-ADDED
1576,"DOMESTIC PASSENGERS",JAMNAGAR,2017,APRIL,5240,,,AUTO-ADDED
1577,"DOMESTIC PASSENGERS",KHAJURAHO,2017,APRIL,3205,,,AUTO-ADDED
1578,"DOMESTIC PASSENGERS",JORHAT,2017,APRIL,6388,,,AUTO-ADDED
1579,"DOMESTIC PASSENGERS",GORKHPUR,2017,APRIL,11822,,,AUTO-ADDED
1580,"DOMESTIC PASSENGERS",ALLAHABAD,2017,APRIL,3637,,,AUTO-ADDED
1581,"DOMESTIC PASSENGERS",AGATTI,2017,APRIL,2888,,,AUTO-ADDED
1582,"DOMESTIC PASSENGERS",HUBLI,2017,APRIL,1386,,,AUTO-ADDED
1583,"DOMESTIC PASSENGERS",BHUNTAR,2017,APRIL,2736,,,AUTO-ADDED
1584,"DOMESTIC PASSENGERS",BHAVNAGAR,2017,APRIL,2585,,,AUTO-ADDED
1585,"DOMESTIC PASSENGERS",DIU,2017,APRIL,1559,,,AUTO-ADDED
1586,"DOMESTIC PASSENGERS",GWALIOR,2017,APRIL,1537,,,AUTO-ADDED
1587,"DOMESTIC PASSENGERS",BARAPANI,2017,APRIL,1309,,,AUTO-ADDED
1588,"DOMESTIC PASSENGERS",PANTNAGAR,2017,APRIL,1696,,,AUTO-ADDED
1589,"DOMESTIC PASSENGERS",LAKHIMPUR,2017,APRIL,1104,,,AUTO-ADDED
1590,"DOMESTIC PASSENGERS",AGRA,2017,APRIL,8,,,AUTO-ADDED
1591,"DOMESTIC PASSENGERS",TEZPUR,2017,APRIL,776,,,AUTO-ADDED
1592,"DOMESTIC PASSENGERS",BHATINDA,2017,APRIL,871,,,AUTO-ADDED
1593,"DOMESTIC PASSENGERS",PORBANDAR,2017,APRIL,746,,,AUTO-ADDED
1594,"DOMESTIC PASSENGERS",KANPUR,2017,APRIL,798,,,AUTO-ADDED
1595,"DOMESTIC PASSENGERS",CUDDAPAH,2017,APRIL,41,,,AUTO-ADDED
1596,"DOMESTIC PASSENGERS",BIKANER,2017,APRIL,128,,,AUTO-ADDED
1597,"DOMESTIC PASSENGERS",JAISALMER,2017,APRIL,0,,,AUTO-ADDED
1598,"DOMESTIC PASSENGERS",LUDHIANA,2017,APRIL,0,,,AUTO-ADDED
1599,"DOMESTIC PASSENGERS",KOLHAPUR,2017,APRIL,6,,,AUTO-ADDED
1600,"DOMESTIC PASSENGERS",SHIMLA,2017,APRIL,172,,,AUTO-ADDED
1601,"DOMESTIC PASSENGERS",LENGPUI,2017,APRIL,22366,,,AUTO-ADDED
1602,"DOMESTIC PASSENGERS",DURGAPUR,2017,APRIL,1548,,,AUTO-ADDED
1603,"DOMESTIC PASSENGERS",NANDED,2017,APRIL,269,,,AUTO-ADDED
1604,"DOMESTIC PASSENGERS",MUNDRA,2017,APRIL,0,,,AUTO-ADDED
2448,"DOMESTIC PASSENGERS","OTHER AIRPORTS",2016,September,0,,,AUTO-ADDED
1995,"INTERNATIONAL PASSENGERS",BANGALORE,2016,September,274041,BLR,VOBL,"6 JV INTERNATIONAL AIRPORTS"
1996,"INTERNATIONAL PASSENGERS",HYDERABAD,2016,September,273793,HYD,VOHS,"6 JV INTERNATIONAL AIRPORTS"
1997,"INTERNATIONAL PASSENGERS",COCHIN,2016,September,426028,COK,VOCI,"6 JV INTERNATIONAL AIRPORTS"
1998,"INTERNATIONAL PASSENGERS",NAGPUR,2016,September,7600,NAG,VANP,"6 JV INTERNATIONAL AIRPORTS"
1999,"INTERNATIONAL PASSENGERS",PUNE,2016,September,19926,,,AUTO-ADDED
2000,"INTERNATIONAL PASSENGERS",VISAKHAPATNAM,2016,September,6733,,,AUTO-ADDED
2001,"INTERNATIONAL PASSENGERS",PATNA,2016,September,0,,,AUTO-ADDED
2002,"INTERNATIONAL PASSENGERS","CHANDIGARH  (JV AIRPOR",2016,September,2902,,,AUTO-ADDED
2003,"INTERNATIONAL PASSENGERS",BAGDOGRA,2016,September,1547,,,AUTO-ADDED
2004,"INTERNATIONAL PASSENGERS",MADURAI,2016,September,21928,,,AUTO-ADDED
2069,"DOMESTIC PASSENGERS",BANGALORE,2016,September,1511573,BLR,VOBL,"6 JV INTERNATIONAL AIRPORTS"
2070,"DOMESTIC PASSENGERS",HYDERABAD,2016,September,908581,HYD,VOHS,"6 JV INTERNATIONAL AIRPORTS"
2071,"DOMESTIC PASSENGERS",COCHIN,2016,September,325624,COK,VOCI,"6 JV INTERNATIONAL AIRPORTS"
2072,"DOMESTIC PASSENGERS",NAGPUR,2016,September,131674,NAG,VANP,"6 JV INTERNATIONAL AIRPORTS"
2073,"DOMESTIC PASSENGERS",PUNE,2016,September,513568,,,AUTO-ADDED
2074,"DOMESTIC PASSENGERS",VISAKHAPATNAM,2016,September,177472,,,AUTO-ADDED
2075,"DOMESTIC PASSENGERS",PATNA,2016,September,151182,,,AUTO-ADDED
2076,"DOMESTIC PASSENGERS","CHANDIGARH  (JV AIRPOR",2016,September,134326,,,AUTO-ADDED
2077,"DOMESTIC PASSENGERS",BAGDOGRA,2016,September,105592,,,AUTO-ADDED
2078,"DOMESTIC PASSENGERS",MADURAI,2016,September,55627,,,AUTO-ADDED
2079,"DOMESTIC PASSENGERS",INDORE,2016,September,124239,,,AUTO-ADDED
2080,"DOMESTIC PASSENGERS",RAIPUR,2016,September,101551,,,AUTO-ADDED
2081,"DOMESTIC PASSENGERS",AGARTALA,2016,September,97429,,,AUTO-ADDED
2082,"DOMESTIC PASSENGERS",JAMMU,2016,September,99678,,,AUTO-ADDED
2083,"DOMESTIC PASSENGERS",VADODARA,2016,September,86785,,,AUTO-ADDED
2084,"DOMESTIC PASSENGERS",UDAIPUR,2016,September,83949,,,AUTO-ADDED
2085,"DOMESTIC PASSENGERS",RANCHI,2016,September,73549,,,AUTO-ADDED
2086,"DOMESTIC PASSENGERS",DEHRADUN,2016,September,67325,,,AUTO-ADDED
2087,"DOMESTIC PASSENGERS",BHOPAL,2016,September,58824,,,AUTO-ADDED
2088,"DOMESTIC PASSENGERS",VIJAYAWADA,2016,September,51052,,,AUTO-ADDED
2089,"DOMESTIC PASSENGERS",LEH,2016,September,58052,,,AUTO-ADDED
2090,"DOMESTIC PASSENGERS",TIRUPATI,2016,September,37828,,,AUTO-ADDED
2091,"DOMESTIC PASSENGERS",RAJKOT,2016,September,34536,,,AUTO-ADDED
2092,"DOMESTIC PASSENGERS",JODHPUR,2016,September,24074,,,AUTO-ADDED
2093,"DOMESTIC PASSENGERS",DIBRUGARH,2016,September,20798,,,AUTO-ADDED
2094,"DOMESTIC PASSENGERS",RAJAHMUNDRY,2016,September,18636,,,AUTO-ADDED
2095,"DOMESTIC PASSENGERS",SILCHAR,2016,September,12659,,,AUTO-ADDED
2096,"DOMESTIC PASSENGERS",SURAT,2016,September,13279,,,AUTO-ADDED
2097,"DOMESTIC PASSENGERS",BHUJ,2016,September,14899,,,AUTO-ADDED
2098,"DOMESTIC PASSENGERS",JUHU,2016,September,14270,,,AUTO-ADDED
2099,"DOMESTIC PASSENGERS",JABALPUR,2016,September,13195,,,AUTO-ADDED
2100,"DOMESTIC PASSENGERS",DIMAPUR,2016,September,10060,,,AUTO-ADDED
2101,"DOMESTIC PASSENGERS",GUGGAL,2016,September,9293,,,AUTO-ADDED
2102,"DOMESTIC PASSENGERS",TUTICORIN,2016,September,8573,,,AUTO-ADDED
2103,"DOMESTIC PASSENGERS",BELGAUM,2016,September,8611,,,AUTO-ADDED
2104,"DOMESTIC PASSENGERS",JAMNAGAR,2016,September,7288,,,AUTO-ADDED
2105,"DOMESTIC PASSENGERS",KHAJURAHO,2016,September,2401,,,AUTO-ADDED
2106,"DOMESTIC PASSENGERS",JORHAT,2016,September,3706,,,AUTO-ADDED
2107,"DOMESTIC PASSENGERS",GORKHPUR,2016,September,2847,,,AUTO-ADDED
2108,"DOMESTIC PASSENGERS",ALLAHABAD,2016,September,3924,,,AUTO-ADDED
2109,"DOMESTIC PASSENGERS",AGATTI,2016,September,2363,,,AUTO-ADDED
2110,"DOMESTIC PASSENGERS",HUBLI,2016,September,1167,,,AUTO-ADDED
2111,"DOMESTIC PASSENGERS",BHUNTAR,2016,September,2307,,,AUTO-ADDED
2112,"DOMESTIC PASSENGERS",BHAVNAGAR,2016,September,1995,,,AUTO-ADDED
2113,"DOMESTIC PASSENGERS",DIU,2016,September,1249,,,AUTO-ADDED
2114,"DOMESTIC PASSENGERS",GWALIOR,2016,September,1142,,,AUTO-ADDED
2115,"DOMESTIC PASSENGERS",BARAPANI,2016,September,1085,,,AUTO-ADDED
2116,"DOMESTIC PASSENGERS",PANTNAGAR,2016,September,1172,,,AUTO-ADDED
2117,"DOMESTIC PASSENGERS",LAKHIMPUR,2016,September,900,,,AUTO-ADDED
2118,"DOMESTIC PASSENGERS",AGRA,2016,September,255,,,AUTO-ADDED
2119,"DOMESTIC PASSENGERS",TEZPUR,2016,September,554,,,AUTO-ADDED
2120,"DOMESTIC PASSENGERS",BHATINDA,2016,September,0,,,AUTO-ADDED
2121,"DOMESTIC PASSENGERS",PORBANDAR,2016,September,183,,,AUTO-ADDED
2122,"DOMESTIC PASSENGERS",KANPUR,2016,September,42,,,AUTO-ADDED
2123,"DOMESTIC PASSENGERS",CUDDAPAH,2016,September,154,,,AUTO-ADDED
2124,"DOMESTIC PASSENGERS",BIKANER,2016,September,0,,,AUTO-ADDED
2125,"DOMESTIC PASSENGERS",JAISALMER,2016,September,0,,,AUTO-ADDED
2126,"DOMESTIC PASSENGERS",LUDHIANA,2016,September,0,,,AUTO-ADDED
2127,"DOMESTIC PASSENGERS",KOLHAPUR,2016,September,0,,,AUTO-ADDED
2128,"DOMESTIC PASSENGERS",SHIMLA,2016,September,0,,,AUTO-ADDED
2129,"DOMESTIC PASSENGERS",LENGPUI,2016,September,16018,,,AUTO-ADDED
2130,"DOMESTIC PASSENGERS",DURGAPUR,2016,September,0,,,AUTO-ADDED
2131,"DOMESTIC PASSENGERS",NANDED,2016,September,0,,,AUTO-ADDED
2132,"DOMESTIC PASSENGERS",MUNDRA,2016,September,0,,,AUTO-ADDED
287,"INTERNATIONAL PASSENGERS",CHENNAI,2016,September,423565,MAA,VOMM,"18 INTERNATIONAL AIRPORTS"
288,"INTERNATIONAL PASSENGERS",KOLKATA,2016,September,170031,CCU,VECC,"18 INTERNATIONAL AIRPORTS"
289,"INTERNATIONAL PASSENGERS",AHMEDABAD,2016,September,143367,AMD,VAAH,"18 INTERNATIONAL AIRPORTS"
290,"INTERNATIONAL PASSENGERS",GOA,2016,September,25246,GOI,VOGO,"18 INTERNATIONAL AIRPORTS"
291,"INTERNATIONAL PASSENGERS",LUCKNOW,2016,September,58978,LKO,VILK,"18 INTERNATIONAL AIRPORTS"
292,"INTERNATIONAL PASSENGERS",TRIVANDRUM,2016,September,187154,TRV,VOTV,"18 INTERNATIONAL AIRPORTS"
293,"INTERNATIONAL PASSENGERS",GUWAHATI,2016,September,5332,GAU,VEGT,"18 INTERNATIONAL AIRPORTS"
294,"INTERNATIONAL PASSENGERS",JAIPUR,2016,September,32617,JAI,VIJP,"18 INTERNATIONAL AIRPORTS"
295,"INTERNATIONAL PASSENGERS",CALICUT,2016,September,180189,CCJ,VOCL,"18 INTERNATIONAL AIRPORTS"
296,"INTERNATIONAL PASSENGERS",BHUBANESWAR,2016,September,2000,BBI,VEBS,"18 INTERNATIONAL AIRPORTS"
297,"INTERNATIONAL PASSENGERS",COIMBATORE,2016,September,10562,CJB,VOCB,"18 INTERNATIONAL AIRPORTS"
298,"INTERNATIONAL PASSENGERS",SRINAGAR,2016,September,4750,SXR,VISR,"18 INTERNATIONAL AIRPORTS"
299,"INTERNATIONAL PASSENGERS",VARANASI,2016,September,9028,VNS,VIBN,"18 INTERNATIONAL AIRPORTS"
300,"INTERNATIONAL PASSENGERS",MANGALORE,2016,September,62411,IXE,VOML,"18 INTERNATIONAL AIRPORTS"
301,"INTERNATIONAL PASSENGERS",AMRITSAR,2016,September,40948,ATQ,VIAR,"18 INTERNATIONAL AIRPORTS"
302,"INTERNATIONAL PASSENGERS",TRICHY,2016,September,96054,TRZ,VOTR,"18 INTERNATIONAL AIRPORTS"
303,"INTERNATIONAL PASSENGERS",PORTBLAIR,2016,September,0,IXZ,VOPB,"18 INTERNATIONAL AIRPORTS"
304,"INTERNATIONAL PASSENGERS",IMPHAL,2016,September,0,IMF,VEIM,"18 INTERNATIONAL AIRPORTS"
305,"INTERNATIONAL PASSENGERS","DELHI (DIAL)",2016,September,1219670,DEL,VIDP,"6 JV INTERNATIONAL AIRPORTS"
306,"INTERNATIONAL PASSENGERS","MUMBAI (MIAL)",2016,September,960654,BOM,VABB,"6 JV INTERNATIONAL AIRPORTS"
307,"INTERNATIONAL PASSENGERS",AURANGABAD,2016,September,1847,IXU,VAAU,"8 CUSTOM AIRPORTS"
308,"INTERNATIONAL PASSENGERS",GAYA,2016,September,4747,GAY,VEGY,"8 CUSTOM AIRPORTS"
331,"DOMESTIC PASSENGERS",CHENNAI,2016,September,1081196,MAA,VOMM,"18 INTERNATIONAL AIRPORTS"
332,"DOMESTIC PASSENGERS",KOLKATA,2016,September,1048767,CCU,VECC,"18 INTERNATIONAL AIRPORTS"
333,"DOMESTIC PASSENGERS",AHMEDABAD,2016,September,423967,AMD,VAAH,"18 INTERNATIONAL AIRPORTS"
334,"DOMESTIC PASSENGERS",GOA,2016,September,474477,GOI,VOGO,"18 INTERNATIONAL AIRPORTS"
335,"DOMESTIC PASSENGERS",LUCKNOW,2016,September,261328,LKO,VILK,"18 INTERNATIONAL AIRPORTS"
336,"DOMESTIC PASSENGERS",TRIVANDRUM,2016,September,136827,TRV,VOTV,"18 INTERNATIONAL AIRPORTS"
337,"DOMESTIC PASSENGERS",GUWAHATI,2016,September,291896,GAU,VEGT,"18 INTERNATIONAL AIRPORTS"
338,"DOMESTIC PASSENGERS",JAIPUR,2016,September,261191,JAI,VIJP,"18 INTERNATIONAL AIRPORTS"
339,"DOMESTIC PASSENGERS",CALICUT,2016,September,40144,CCJ,VOCL,"18 INTERNATIONAL AIRPORTS"
340,"DOMESTIC PASSENGERS",BHUBANESWAR,2016,September,156560,BBI,VEBS,"18 INTERNATIONAL AIRPORTS"
341,"DOMESTIC PASSENGERS",COIMBATORE,2016,September,163312,CJB,VOCB,"18 INTERNATIONAL AIRPORTS"
342,"DOMESTIC PASSENGERS",SRINAGAR,2016,September,142539,SXR,VISR,"18 INTERNATIONAL AIRPORTS"
343,"DOMESTIC PASSENGERS",VARANASI,2016,September,132484,VNS,VIBN,"18 INTERNATIONAL AIRPORTS"
344,"DOMESTIC PASSENGERS",MANGALORE,2016,September,77488,IXE,VOML,"18 INTERNATIONAL AIRPORTS"
345,"DOMESTIC PASSENGERS",AMRITSAR,2016,September,78572,ATQ,VIAR,"18 INTERNATIONAL AIRPORTS"
346,"DOMESTIC PASSENGERS",TRICHY,2016,September,15414,TRZ,VOTR,"18 INTERNATIONAL AIRPORTS"
347,"DOMESTIC PASSENGERS",PORTBLAIR,2016,September,76352,IXZ,VOPB,"18 INTERNATIONAL AIRPORTS"
348,"DOMESTIC PASSENGERS",IMPHAL,2016,September,69690,IMF,VEIM,"18 INTERNATIONAL AIRPORTS"
349,"DOMESTIC PASSENGERS","DELHI (DIAL)",2016,September,3358251,DEL,VIDP,"6 JV INTERNATIONAL AIRPORTS"
350,"DOMESTIC PASSENGERS","MUMBAI (MIAL)",2016,September,2686052,BOM,VABB,"6 JV INTERNATIONAL AIRPORTS"
351,"DOMESTIC PASSENGERS",AURANGABAD,2016,September,26813,IXU,VAAU,"8 CUSTOM AIRPORTS"
352,"DOMESTIC PASSENGERS",GAYA,2016,September,6224,GAY,VEGY,"8 CUSTOM AIRPORTS"
2632,"INTERNATIONAL PASSENGERS","(D) 48 DOMESTIC AIRPORTS",2016,September,2292,,,AUTO-ADDED
2633,"INTERNATIONAL PASSENGERS","(E) STATE GOVT. / PVT AIRPORTS",2016,September,0,,,AUTO-ADDED
2634,"INTERNATIONAL PASSENGERS","(F) OTHER AIRPORTS",2016,September,0,,,AUTO-ADDED
2810,"ANNEXURE-IIIA
INTERNATIONAL PASSENGERS",BANGALORE,2016,OCT,297714,BLR,VOBL,"6 JV INTERNATIONAL AIRPORTS"
2811,"ANNEXURE-IIIA
INTERNATIONAL PASSENGERS",HYDERABAD,2016,OCT,268188,HYD,VOHS,"6 JV INTERNATIONAL AIRPORTS"
2812,"ANNEXURE-IIIA
INTERNATIONAL PASSENGERS",COCHIN,2016,OCT,391716,COK,VOCI,"6 JV INTERNATIONAL AIRPORTS"
2813,"ANNEXURE-IIIA
INTERNATIONAL PASSENGERS",NAGPUR,2016,OCT,8614,NAG,VANP,"6 JV INTERNATIONAL AIRPORTS"
2814,"ANNEXURE-IIIA
INTERNATIONAL PASSENGERS",PUNE,2016,OCT,19756,,,AUTO-ADDED
2815,"ANNEXURE-IIIA
INTERNATIONAL PASSENGERS",VISAKHAPATNAM,2016,OCT,7653,,,AUTO-ADDED
2816,"ANNEXURE-IIIA
INTERNATIONAL PASSENGERS",PATNA,2016,OCT,0,,,AUTO-ADDED
2817,"ANNEXURE-IIIA
INTERNATIONAL PASSENGERS","CHANDIGARH  (JV AIRPOR",2016,OCT,7626,,,AUTO-ADDED
2818,"ANNEXURE-IIIA
INTERNATIONAL PASSENGERS",BAGDOGRA,2016,OCT,2444,,,AUTO-ADDED
2819,"ANNEXURE-IIIA
INTERNATIONAL PASSENGERS",MADURAI,2016,OCT,22110,,,AUTO-ADDED
2820,"ANNEXURE-IIIA
INTERNATIONAL PASSENGERS","(D) 50 DOMESTIC AIRPORTS",2016,OCT,3151,,,AUTO-ADDED
2821,"ANNEXURE-IIIA
INTERNATIONAL PASSENGERS","(E) STATE GOVT. / PVT AIRPORTS",2016,OCT,0,,,AUTO-ADDED
2822,"ANNEXURE-IIIA
INTERNATIONAL PASSENGERS","(F) OTHER AIRPORTS",2016,OCT,0,,,AUTO-ADDED
2888,"ANNEXURE-IIIB
DOMESTIC PASSENGERS",BANGALORE,2016,OCT,1701964,BLR,VOBL,"6 JV INTERNATIONAL AIRPORTS"
2889,"ANNEXURE-IIIB
DOMESTIC PASSENGERS",HYDERABAD,2016,OCT,993542,HYD,VOHS,"6 JV INTERNATIONAL AIRPORTS"
2890,"ANNEXURE-IIIB
DOMESTIC PASSENGERS",COCHIN,2016,OCT,334232,COK,VOCI,"6 JV INTERNATIONAL AIRPORTS"
2891,"ANNEXURE-IIIB
DOMESTIC PASSENGERS",NAGPUR,2016,OCT,145910,NAG,VANP,"6 JV INTERNATIONAL AIRPORTS"
2892,"ANNEXURE-IIIB
DOMESTIC PASSENGERS",PUNE,2016,OCT,519945,,,AUTO-ADDED
2893,"ANNEXURE-IIIB
DOMESTIC PASSENGERS",VISAKHAPATNAM,2016,OCT,197219,,,AUTO-ADDED
2894,"ANNEXURE-IIIB
DOMESTIC PASSENGERS",PATNA,2016,OCT,181218,,,AUTO-ADDED
2895,"ANNEXURE-IIIB
DOMESTIC PASSENGERS","CHANDIGARH  (JV AIRPOR",2016,OCT,152170,,,AUTO-ADDED
2896,"ANNEXURE-IIIB
DOMESTIC PASSENGERS",BAGDOGRA,2016,OCT,125040,,,AUTO-ADDED
2897,"ANNEXURE-IIIB
DOMESTIC PASSENGERS",MADURAI,2016,OCT,55781,,,AUTO-ADDED
2898,"ANNEXURE-IIIB
DOMESTIC PASSENGERS",INDORE,2016,OCT,129438,,,AUTO-ADDED
2899,"ANNEXURE-IIIB
DOMESTIC PASSENGERS",RAIPUR,2016,OCT,111655,,,AUTO-ADDED
2900,"ANNEXURE-IIIB
DOMESTIC PASSENGERS",AGARTALA,2016,OCT,102226,,,AUTO-ADDED
2901,"ANNEXURE-IIIB
DOMESTIC PASSENGERS",JAMMU,2016,OCT,105430,,,AUTO-ADDED
2902,"ANNEXURE-IIIB
DOMESTIC PASSENGERS",VADODARA,2016,OCT,88594,,,AUTO-ADDED
2903,"ANNEXURE-IIIB
DOMESTIC PASSENGERS",UDAIPUR,2016,OCT,91807,,,AUTO-ADDED
2904,"ANNEXURE-IIIB
DOMESTIC PASSENGERS",RANCHI,2016,OCT,91904,,,AUTO-ADDED
2905,"ANNEXURE-IIIB
DOMESTIC PASSENGERS",DEHRADUN,2016,OCT,79480,,,AUTO-ADDED
2906,"ANNEXURE-IIIB
DOMESTIC PASSENGERS",BHOPAL,2016,OCT,55744,,,AUTO-ADDED
2907,"ANNEXURE-IIIB
DOMESTIC PASSENGERS",VIJAYAWADA,2016,OCT,56597,,,AUTO-ADDED
2908,"ANNEXURE-IIIB
DOMESTIC PASSENGERS",LEH,2016,OCT,41232,,,AUTO-ADDED
2909,"ANNEXURE-IIIB
DOMESTIC PASSENGERS",TIRUPATI,2016,OCT,37642,,,AUTO-ADDED
2910,"ANNEXURE-IIIB
DOMESTIC PASSENGERS",RAJKOT,2016,OCT,34352,,,AUTO-ADDED
2911,"ANNEXURE-IIIB
DOMESTIC PASSENGERS",JODHPUR,2016,OCT,22669,,,AUTO-ADDED
2912,"ANNEXURE-IIIB
DOMESTIC PASSENGERS",DIBRUGARH,2016,OCT,25127,,,AUTO-ADDED
2913,"ANNEXURE-IIIB
DOMESTIC PASSENGERS",RAJAHMUNDRY,2016,OCT,24804,,,AUTO-ADDED
2914,"ANNEXURE-IIIB
DOMESTIC PASSENGERS",SILCHAR,2016,OCT,19851,,,AUTO-ADDED
2915,"ANNEXURE-IIIB
DOMESTIC PASSENGERS",SURAT,2016,OCT,14862,,,AUTO-ADDED
2916,"ANNEXURE-IIIB
DOMESTIC PASSENGERS",BHUJ,2016,OCT,14782,,,AUTO-ADDED
2917,"ANNEXURE-IIIB
DOMESTIC PASSENGERS",JUHU,2016,OCT,14984,,,AUTO-ADDED
2918,"ANNEXURE-IIIB
DOMESTIC PASSENGERS",JABALPUR,2016,OCT,13772,,,AUTO-ADDED
2919,"ANNEXURE-IIIB
DOMESTIC PASSENGERS",DIMAPUR,2016,OCT,12241,,,AUTO-ADDED
2920,"ANNEXURE-IIIB
DOMESTIC PASSENGERS",GUGGAL,2016,OCT,7742,,,AUTO-ADDED
2921,"ANNEXURE-IIIB
DOMESTIC PASSENGERS",TUTICORIN,2016,OCT,8115,,,AUTO-ADDED
2922,"ANNEXURE-IIIB
DOMESTIC PASSENGERS",BELGAUM,2016,OCT,8286,,,AUTO-ADDED
2923,"ANNEXURE-IIIB
DOMESTIC PASSENGERS",JAMNAGAR,2016,OCT,6511,,,AUTO-ADDED
2924,"ANNEXURE-IIIB
DOMESTIC PASSENGERS",KHAJURAHO,2016,OCT,6793,,,AUTO-ADDED
2925,"ANNEXURE-IIIB
DOMESTIC PASSENGERS",JORHAT,2016,OCT,4056,,,AUTO-ADDED
2926,"ANNEXURE-IIIB
DOMESTIC PASSENGERS",GORKHPUR,2016,OCT,9752,,,AUTO-ADDED
2927,"ANNEXURE-IIIB
DOMESTIC PASSENGERS",ALLAHABAD,2016,OCT,4557,,,AUTO-ADDED
2928,"ANNEXURE-IIIB
DOMESTIC PASSENGERS",AGATTI,2016,OCT,2692,,,AUTO-ADDED
2929,"ANNEXURE-IIIB
DOMESTIC PASSENGERS",HUBLI,2016,OCT,1310,,,AUTO-ADDED
2930,"ANNEXURE-IIIB
DOMESTIC PASSENGERS",BHUNTAR,2016,OCT,2559,,,AUTO-ADDED
2931,"ANNEXURE-IIIB
DOMESTIC PASSENGERS",BHAVNAGAR,2016,OCT,2382,,,AUTO-ADDED
2932,"ANNEXURE-IIIB
DOMESTIC PASSENGERS",DIU,2016,OCT,1527,,,AUTO-ADDED
2933,"ANNEXURE-IIIB
DOMESTIC PASSENGERS",GWALIOR,2016,OCT,1418,,,AUTO-ADDED
2934,"ANNEXURE-IIIB
DOMESTIC PASSENGERS",BARAPANI,2016,OCT,1392,,,AUTO-ADDED
2935,"ANNEXURE-IIIB
DOMESTIC PASSENGERS",PANTNAGAR,2016,OCT,1207,,,AUTO-ADDED
2936,"ANNEXURE-IIIB
DOMESTIC PASSENGERS",LAKHIMPUR,2016,OCT,1075,,,AUTO-ADDED
2937,"ANNEXURE-IIIB
DOMESTIC PASSENGERS",AGRA,2016,OCT,1293,,,AUTO-ADDED
2938,"ANNEXURE-IIIB
DOMESTIC PASSENGERS",TEZPUR,2016,OCT,774,,,AUTO-ADDED
2939,"ANNEXURE-IIIB
DOMESTIC PASSENGERS",BHATINDA,2016,OCT,0,,,AUTO-ADDED
2940,"ANNEXURE-IIIB
DOMESTIC PASSENGERS",PORBANDAR,2016,OCT,195,,,AUTO-ADDED
2941,"ANNEXURE-IIIB
DOMESTIC PASSENGERS",KANPUR,2016,OCT,37,,,AUTO-ADDED
2942,"ANNEXURE-IIIB
DOMESTIC PASSENGERS",CUDDAPAH,2016,OCT,214,,,AUTO-ADDED
2943,"ANNEXURE-IIIB
DOMESTIC PASSENGERS",BIKANER,2016,OCT,0,,,AUTO-ADDED
2944,"ANNEXURE-IIIB
DOMESTIC PASSENGERS",JAISALMER,2016,OCT,0,,,AUTO-ADDED
2945,"ANNEXURE-IIIB
DOMESTIC PASSENGERS",LUDHIANA,2016,OCT,11,,,AUTO-ADDED
2946,"ANNEXURE-IIIB
DOMESTIC PASSENGERS",KOLHAPUR,2016,OCT,12,,,AUTO-ADDED
2947,"ANNEXURE-IIIB
DOMESTIC PASSENGERS",SHIMLA,2016,OCT,0,,,AUTO-ADDED
2948,"ANNEXURE-IIIB
DOMESTIC PASSENGERS",LENGPUI,2016,OCT,21475,,,AUTO-ADDED
2949,"ANNEXURE-IIIB
DOMESTIC PASSENGERS",DURGAPUR,2016,OCT,0,,,AUTO-ADDED
2950,"ANNEXURE-IIIB
DOMESTIC PASSENGERS",NANDED,2016,OCT,0,,,AUTO-ADDED
2951,"ANNEXURE-IIIB
DOMESTIC PASSENGERS",MUNDRA,2016,OCT,0,,,AUTO-ADDED
2952,"ANNEXURE-IIIB
DOMESTIC PASSENGERS","(F) OTHER AIRPORTS",2016,OCT,25,,,AUTO-ADDED
683,"ANNEXURE-IIIA
INTERNATIONAL PASSENGERS",CHENNAI,2016,OCT,414642,MAA,VOMM,"18 INTERNATIONAL AIRPORTS"
684,"ANNEXURE-IIIA
INTERNATIONAL PASSENGERS",KOLKATA,2016,OCT,187040,CCU,VECC,"18 INTERNATIONAL AIRPORTS"
685,"ANNEXURE-IIIA
INTERNATIONAL PASSENGERS",AHMEDABAD,2016,OCT,142683,AMD,VAAH,"18 INTERNATIONAL AIRPORTS"
686,"ANNEXURE-IIIA
INTERNATIONAL PASSENGERS",GOA,2016,OCT,46555,GOI,VOGO,"18 INTERNATIONAL AIRPORTS"
687,"ANNEXURE-IIIA
INTERNATIONAL PASSENGERS",LUCKNOW,2016,OCT,51696,LKO,VILK,"18 INTERNATIONAL AIRPORTS"
688,"ANNEXURE-IIIA
INTERNATIONAL PASSENGERS",TRIVANDRUM,2016,OCT,171395,TRV,VOTV,"18 INTERNATIONAL AIRPORTS"
689,"ANNEXURE-IIIA
INTERNATIONAL PASSENGERS",GUWAHATI,2016,OCT,1912,GAU,VEGT,"18 INTERNATIONAL AIRPORTS"
690,"ANNEXURE-IIIA
INTERNATIONAL PASSENGERS",JAIPUR,2016,OCT,39402,JAI,VIJP,"18 INTERNATIONAL AIRPORTS"
691,"ANNEXURE-IIIA
INTERNATIONAL PASSENGERS",CALICUT,2016,OCT,168198,CCJ,VOCL,"18 INTERNATIONAL AIRPORTS"
692,"ANNEXURE-IIIA
INTERNATIONAL PASSENGERS",BHUBANESWAR,2016,OCT,2191,BBI,VEBS,"18 INTERNATIONAL AIRPORTS"
693,"ANNEXURE-IIIA
INTERNATIONAL PASSENGERS",COIMBATORE,2016,OCT,11710,CJB,VOCB,"18 INTERNATIONAL AIRPORTS"
694,"ANNEXURE-IIIA
INTERNATIONAL PASSENGERS",SRINAGAR,2016,OCT,1691,SXR,VISR,"18 INTERNATIONAL AIRPORTS"
695,"ANNEXURE-IIIA
INTERNATIONAL PASSENGERS",VARANASI,2016,OCT,8052,VNS,VIBN,"18 INTERNATIONAL AIRPORTS"
696,"ANNEXURE-IIIA
INTERNATIONAL PASSENGERS",MANGALORE,2016,OCT,54526,IXE,VOML,"18 INTERNATIONAL AIRPORTS"
697,"ANNEXURE-IIIA
INTERNATIONAL PASSENGERS",AMRITSAR,2016,OCT,45606,ATQ,VIAR,"18 INTERNATIONAL AIRPORTS"
698,"ANNEXURE-IIIA
INTERNATIONAL PASSENGERS",TRICHY,2016,OCT,92142,TRZ,VOTR,"18 INTERNATIONAL AIRPORTS"
699,"ANNEXURE-IIIA
INTERNATIONAL PASSENGERS",PORTBLAIR,2016,OCT,0,IXZ,VOPB,"18 INTERNATIONAL AIRPORTS"
700,"ANNEXURE-IIIA
INTERNATIONAL PASSENGERS",IMPHAL,2016,OCT,0,IMF,VEIM,"18 INTERNATIONAL AIRPORTS"
701,"ANNEXURE-IIIA
INTERNATIONAL PASSENGERS","DELHI (DIAL)",2016,OCT,1244873,DEL,VIDP,"6 JV INTERNATIONAL AIRPORTS"
702,"ANNEXURE-IIIA
INTERNATIONAL PASSENGERS","MUMBAI (MIAL)",2016,OCT,954001,BOM,VABB,"6 JV INTERNATIONAL AIRPORTS"
703,"ANNEXURE-IIIA
INTERNATIONAL PASSENGERS",AURANGABAD,2016,OCT,0,IXU,VAAU,"8 CUSTOM AIRPORTS"
704,"ANNEXURE-IIIA
INTERNATIONAL PASSENGERS",GAYA,2016,OCT,15393,GAY,VEGY,"8 CUSTOM AIRPORTS"
727,"ANNEXURE-IIIB
DOMESTIC PASSENGERS",CHENNAI,2016,OCT,1084052,MAA,VOMM,"18 INTERNATIONAL AIRPORTS"
728,"ANNEXURE-IIIB
DOMESTIC PASSENGERS",KOLKATA,2016,OCT,1214107,CCU,VECC,"18 INTERNATIONAL AIRPORTS"
729,"ANNEXURE-IIIB
DOMESTIC PASSENGERS",AHMEDABAD,2016,OCT,440552,AMD,VAAH,"18 INTERNATIONAL AIRPORTS"
730,"ANNEXURE-IIIB
DOMESTIC PASSENGERS",GOA,2016,OCT,482432,GOI,VOGO,"18 INTERNATIONAL AIRPORTS"
731,"ANNEXURE-IIIB
DOMESTIC PASSENGERS",LUCKNOW,2016,OCT,278566,LKO,VILK,"18 INTERNATIONAL AIRPORTS"
732,"ANNEXURE-IIIB
DOMESTIC PASSENGERS",TRIVANDRUM,2016,OCT,127392,TRV,VOTV,"18 INTERNATIONAL AIRPORTS"
733,"ANNEXURE-IIIB
DOMESTIC PASSENGERS",GUWAHATI,2016,OCT,330620,GAU,VEGT,"18 INTERNATIONAL AIRPORTS"
734,"ANNEXURE-IIIB
DOMESTIC PASSENGERS",JAIPUR,2016,OCT,277988,JAI,VIJP,"18 INTERNATIONAL AIRPORTS"
735,"ANNEXURE-IIIB
DOMESTIC PASSENGERS",CALICUT,2016,OCT,35409,CCJ,VOCL,"18 INTERNATIONAL AIRPORTS"
736,"ANNEXURE-IIIB
DOMESTIC PASSENGERS",BHUBANESWAR,2016,OCT,211539,BBI,VEBS,"18 INTERNATIONAL AIRPORTS"
737,"ANNEXURE-IIIB
DOMESTIC PASSENGERS",COIMBATORE,2016,OCT,156709,CJB,VOCB,"18 INTERNATIONAL AIRPORTS"
738,"ANNEXURE-IIIB
DOMESTIC PASSENGERS",SRINAGAR,2016,OCT,143251,SXR,VISR,"18 INTERNATIONAL AIRPORTS"
739,"ANNEXURE-IIIB
DOMESTIC PASSENGERS",VARANASI,2016,OCT,156610,VNS,VIBN,"18 INTERNATIONAL AIRPORTS"
740,"ANNEXURE-IIIB
DOMESTIC PASSENGERS",MANGALORE,2016,OCT,79795,IXE,VOML,"18 INTERNATIONAL AIRPORTS"
741,"ANNEXURE-IIIB
DOMESTIC PASSENGERS",AMRITSAR,2016,OCT,91706,ATQ,VIAR,"18 INTERNATIONAL AIRPORTS"
742,"ANNEXURE-IIIB
DOMESTIC PASSENGERS",TRICHY,2016,OCT,14126,TRZ,VOTR,"18 INTERNATIONAL AIRPORTS"
743,"ANNEXURE-IIIB
DOMESTIC PASSENGERS",PORTBLAIR,2016,OCT,112997,IXZ,VOPB,"18 INTERNATIONAL AIRPORTS"
744,"ANNEXURE-IIIB
DOMESTIC PASSENGERS",IMPHAL,2016,OCT,73477,IMF,VEIM,"18 INTERNATIONAL AIRPORTS"
745,"ANNEXURE-IIIB
DOMESTIC PASSENGERS","DELHI (DIAL)",2016,OCT,3478193,DEL,VIDP,"6 JV INTERNATIONAL AIRPORTS"
746,"ANNEXURE-IIIB
DOMESTIC PASSENGERS","MUMBAI (MIAL)",2016,OCT,2636181,BOM,VABB,"6 JV INTERNATIONAL AIRPORTS"
747,"ANNEXURE-IIIB
DOMESTIC PASSENGERS",AURANGABAD,2016,OCT,24689,IXU,VAAU,"8 CUSTOM AIRPORTS"
748,"ANNEXURE-IIIB
DOMESTIC PASSENGERS",GAYA,2016,OCT,6437,GAY,VEGY,"8 CUSTOM AIRPORTS"
2217,"DOMESTIC PASSENGERS",BANGALORE,2016,NOV,1729088,BLR,VOBL,"6 JV INTERNATIONAL AIRPORTS"
2218,"DOMESTIC PASSENGERS",HYDERABAD,2016,NOV,1022839,HYD,VOHS,"6 JV INTERNATIONAL AIRPORTS"
2219,"DOMESTIC PASSENGERS",COCHIN,2016,NOV,355452,COK,VOCI,"6 JV INTERNATIONAL AIRPORTS"
2220,"DOMESTIC PASSENGERS",NAGPUR,2016,NOV,170061,NAG,VANP,"6 JV INTERNATIONAL AIRPORTS"
2221,"DOMESTIC PASSENGERS",PUNE,2016,NOV,560130,,,AUTO-ADDED
2222,"DOMESTIC PASSENGERS",VISAKHAPATNAM,2016,NOV,195326,,,AUTO-ADDED
2223,"DOMESTIC PASSENGERS",PATNA,2016,NOV,215068,,,AUTO-ADDED
2224,"DOMESTIC PASSENGERS","CHANDIGARH  (JV AIRPOR",2016,NOV,159968,,,AUTO-ADDED
2225,"DOMESTIC PASSENGERS",BAGDOGRA,2016,NOV,130530,,,AUTO-ADDED
2226,"DOMESTIC PASSENGERS",MADURAI,2016,NOV,55656,,,AUTO-ADDED
2227,"DOMESTIC PASSENGERS",INDORE,2016,NOV,147954,,,AUTO-ADDED
2228,"DOMESTIC PASSENGERS",RAIPUR,2016,NOV,119351,,,AUTO-ADDED
2229,"DOMESTIC PASSENGERS",AGARTALA,2016,NOV,97543,,,AUTO-ADDED
2230,"DOMESTIC PASSENGERS",JAMMU,2016,NOV,96673,,,AUTO-ADDED
2231,"DOMESTIC PASSENGERS",VADODARA,2016,NOV,88655,,,AUTO-ADDED
2232,"DOMESTIC PASSENGERS",UDAIPUR,2016,NOV,100419,,,AUTO-ADDED
2233,"DOMESTIC PASSENGERS",RANCHI,2016,NOV,97512,,,AUTO-ADDED
2234,"DOMESTIC PASSENGERS",DEHRADUN,2016,NOV,80485,,,AUTO-ADDED
2235,"DOMESTIC PASSENGERS",BHOPAL,2016,NOV,51077,,,AUTO-ADDED
2236,"DOMESTIC PASSENGERS",VIJAYAWADA,2016,NOV,56645,,,AUTO-ADDED
2237,"DOMESTIC PASSENGERS",LEH,2016,NOV,26706,,,AUTO-ADDED
2238,"DOMESTIC PASSENGERS",TIRUPATI,2016,NOV,36713,,,AUTO-ADDED
2239,"DOMESTIC PASSENGERS",RAJKOT,2016,NOV,32059,,,AUTO-ADDED
2240,"DOMESTIC PASSENGERS",JODHPUR,2016,NOV,33247,,,AUTO-ADDED
2241,"DOMESTIC PASSENGERS",DIBRUGARH,2016,NOV,26220,,,AUTO-ADDED
2242,"DOMESTIC PASSENGERS",RAJAHMUNDRY,2016,NOV,24327,,,AUTO-ADDED
2243,"DOMESTIC PASSENGERS",SILCHAR,2016,NOV,20861,,,AUTO-ADDED
2244,"DOMESTIC PASSENGERS",SURAT,2016,NOV,15194,,,AUTO-ADDED
2245,"DOMESTIC PASSENGERS",BHUJ,2016,NOV,15793,,,AUTO-ADDED
2246,"DOMESTIC PASSENGERS",JUHU,2016,NOV,15090,,,AUTO-ADDED
2247,"DOMESTIC PASSENGERS",JABALPUR,2016,NOV,13309,,,AUTO-ADDED
2248,"DOMESTIC PASSENGERS",DIMAPUR,2016,NOV,11957,,,AUTO-ADDED
2249,"DOMESTIC PASSENGERS",GUGGAL,2016,NOV,7517,,,AUTO-ADDED
2250,"DOMESTIC PASSENGERS",TUTICORIN,2016,NOV,7836,,,AUTO-ADDED
2251,"DOMESTIC PASSENGERS",BELGAUM,2016,NOV,6439,,,AUTO-ADDED
2252,"DOMESTIC PASSENGERS",JAMNAGAR,2016,NOV,4713,,,AUTO-ADDED
2253,"DOMESTIC PASSENGERS",KHAJURAHO,2016,NOV,8415,,,AUTO-ADDED
2254,"DOMESTIC PASSENGERS",JORHAT,2016,NOV,5250,,,AUTO-ADDED
2255,"DOMESTIC PASSENGERS",GORAKHPUR,2016,NOV,8808,,,AUTO-ADDED
2256,"DOMESTIC PASSENGERS",ALLAHABAD,2016,NOV,5118,,,AUTO-ADDED
2257,"DOMESTIC PASSENGERS",AGATTI,2016,NOV,2318,,,AUTO-ADDED
2258,"DOMESTIC PASSENGERS",HUBLI,2016,NOV,1501,,,AUTO-ADDED
2259,"DOMESTIC PASSENGERS",BHUNTAR,2016,NOV,2048,,,AUTO-ADDED
2260,"DOMESTIC PASSENGERS",BHAVNAGAR,2016,NOV,2861,,,AUTO-ADDED
2261,"DOMESTIC PASSENGERS",DIU,2016,NOV,1017,,,AUTO-ADDED
2262,"DOMESTIC PASSENGERS",GWALIOR,2016,NOV,1549,,,AUTO-ADDED
2263,"DOMESTIC PASSENGERS",BARAPANI,2016,NOV,1214,,,AUTO-ADDED
2264,"DOMESTIC PASSENGERS",PANTNAGAR,2016,NOV,1578,,,AUTO-ADDED
2265,"DOMESTIC PASSENGERS",LAKHIMPUR,2016,NOV,945,,,AUTO-ADDED
2266,"DOMESTIC PASSENGERS",AGRA,2016,NOV,1649,,,AUTO-ADDED
2267,"DOMESTIC PASSENGERS",TEZPUR,2016,NOV,546,,,AUTO-ADDED
2268,"DOMESTIC PASSENGERS",BHATINDA,2016,NOV,0,,,AUTO-ADDED
2269,"DOMESTIC PASSENGERS",PORBANDAR,2016,NOV,168,,,AUTO-ADDED
2270,"DOMESTIC PASSENGERS",KANPUR,2016,NOV,40,,,AUTO-ADDED
2271,"DOMESTIC PASSENGERS",CUDDAPAH,2016,NOV,270,,,AUTO-ADDED
2272,"DOMESTIC PASSENGERS",BIKANER,2016,NOV,39,,,AUTO-ADDED
2273,"DOMESTIC PASSENGERS",JAISALMER,2016,NOV,0,,,AUTO-ADDED
2274,"DOMESTIC PASSENGERS",LUDHIANA,2016,NOV,9,,,AUTO-ADDED
2275,"DOMESTIC PASSENGERS",KOLHAPUR,2016,NOV,0,,,AUTO-ADDED
2276,"DOMESTIC PASSENGERS",SHIMLA,2016,NOV,0,,,AUTO-ADDED
2277,"DOMESTIC PASSENGERS",LENGPUI,2016,NOV,22641,,,AUTO-ADDED
2278,"DOMESTIC PASSENGERS",DURGAPUR,2016,NOV,0,,,AUTO-ADDED
2279,"DOMESTIC PASSENGERS",NANDED,2016,NOV,0,,,AUTO-ADDED
2280,"DOMESTIC PASSENGERS",MUNDRA,2016,NOV,0,,,AUTO-ADDED
2450,"DOMESTIC PASSENGERS","OTHER AIRPORTS",2016,Nov,0,,,AUTO-ADDED
2638,"INTERNATIONAL PASSENGERS","(D) 48 DOMESTIC AIRPORTS",2016,Nov,337,,,AUTO-ADDED
2639,"INTERNATIONAL PASSENGERS","(E) STATE GOVT. / PVT AIRPORTS",2016,Nov,0,,,AUTO-ADDED
2640,"INTERNATIONAL PASSENGERS","(F) OTHER AIRPORTS",2016,Nov,0,,,AUTO-ADDED
375,"INTERNATIONAL PASSENGERS",CHENNAI,2016,NOV,413521,MAA,VOMM,"18 INTERNATIONAL AIRPORTS"
376,"INTERNATIONAL PASSENGERS",KOLKATA,2016,NOV,168789,CCU,VECC,"18 INTERNATIONAL AIRPORTS"
377,"INTERNATIONAL PASSENGERS",AHMEDABAD,2016,NOV,150300,AMD,VAAH,"18 INTERNATIONAL AIRPORTS"
378,"INTERNATIONAL PASSENGERS",GOA,2016,NOV,99383,GOI,VOGO,"18 INTERNATIONAL AIRPORTS"
379,"INTERNATIONAL PASSENGERS",LUCKNOW,2016,NOV,52914,LKO,VILK,"18 INTERNATIONAL AIRPORTS"
380,"INTERNATIONAL PASSENGERS",TRIVANDRUM,2016,NOV,174844,TRV,VOTV,"18 INTERNATIONAL AIRPORTS"
381,"INTERNATIONAL PASSENGERS",GUWAHATI,2016,NOV,1717,GAU,VEGT,"18 INTERNATIONAL AIRPORTS"
382,"INTERNATIONAL PASSENGERS",JAIPUR,2016,NOV,40322,JAI,VIJP,"18 INTERNATIONAL AIRPORTS"
383,"INTERNATIONAL PASSENGERS",CALICUT,2016,NOV,177275,CCJ,VOCL,"18 INTERNATIONAL AIRPORTS"
384,"INTERNATIONAL PASSENGERS",BHUBANESWAR,2016,NOV,2181,BBI,VEBS,"18 INTERNATIONAL AIRPORTS"
385,"INTERNATIONAL PASSENGERS",COIMBATORE,2016,NOV,11804,CJB,VOCB,"18 INTERNATIONAL AIRPORTS"
386,"INTERNATIONAL PASSENGERS",SRINAGAR,2016,NOV,0,SXR,VISR,"18 INTERNATIONAL AIRPORTS"
387,"INTERNATIONAL PASSENGERS",VARANASI,2016,NOV,20159,VNS,VIBN,"18 INTERNATIONAL AIRPORTS"
388,"INTERNATIONAL PASSENGERS",MANGALORE,2016,NOV,53964,IXE,VOML,"18 INTERNATIONAL AIRPORTS"
389,"INTERNATIONAL PASSENGERS",AMRITSAR,2016,NOV,48939,ATQ,VIAR,"18 INTERNATIONAL AIRPORTS"
390,"INTERNATIONAL PASSENGERS",TRICHY,2016,NOV,96929,TRZ,VOTR,"18 INTERNATIONAL AIRPORTS"
391,"INTERNATIONAL PASSENGERS",PORTBLAIR,2016,NOV,0,IXZ,VOPB,"18 INTERNATIONAL AIRPORTS"
392,"INTERNATIONAL PASSENGERS",IMPHAL,2016,NOV,157,IMF,VEIM,"18 INTERNATIONAL AIRPORTS"
393,"INTERNATIONAL PASSENGERS","DELHI (DIAL)",2016,NOV,1335652,DEL,VIDP,"6 JV INTERNATIONAL AIRPORTS"
394,"INTERNATIONAL PASSENGERS","MUMBAI (MIAL)",2016,NOV,1037227,BOM,VABB,"6 JV INTERNATIONAL AIRPORTS"
395,"INTERNATIONAL PASSENGERS",AURANGABAD,2016,NOV,0,IXU,VAAU,"8 CUSTOM AIRPORTS"
396,"INTERNATIONAL PASSENGERS",GAYA,2016,NOV,3138,GAY,VEGY,"8 CUSTOM AIRPORTS"
419,"DOMESTIC PASSENGERS",CHENNAI,2016,NOV,1121760,MAA,VOMM,"18 INTERNATIONAL AIRPORTS"
420,"DOMESTIC PASSENGERS",KOLKATA,2016,NOV,1180812,CCU,VECC,"18 INTERNATIONAL AIRPORTS"
421,"DOMESTIC PASSENGERS",AHMEDABAD,2016,NOV,519220,AMD,VAAH,"18 INTERNATIONAL AIRPORTS"
422,"DOMESTIC PASSENGERS",GOA,2016,NOV,526830,GOI,VOGO,"18 INTERNATIONAL AIRPORTS"
423,"DOMESTIC PASSENGERS",LUCKNOW,2016,NOV,306427,LKO,VILK,"18 INTERNATIONAL AIRPORTS"
424,"DOMESTIC PASSENGERS",TRIVANDRUM,2016,NOV,136746,TRV,VOTV,"18 INTERNATIONAL AIRPORTS"
425,"DOMESTIC PASSENGERS",GUWAHATI,2016,NOV,327314,GAU,VEGT,"18 INTERNATIONAL AIRPORTS"
426,"DOMESTIC PASSENGERS",JAIPUR,2016,NOV,303803,JAI,VIJP,"18 INTERNATIONAL AIRPORTS"
427,"DOMESTIC PASSENGERS",CALICUT,2016,NOV,33184,CCJ,VOCL,"18 INTERNATIONAL AIRPORTS"
428,"DOMESTIC PASSENGERS",BHUBANESWAR,2016,NOV,201596,BBI,VEBS,"18 INTERNATIONAL AIRPORTS"
429,"DOMESTIC PASSENGERS",COIMBATORE,2016,NOV,161943,CJB,VOCB,"18 INTERNATIONAL AIRPORTS"
430,"DOMESTIC PASSENGERS",SRINAGAR,2016,NOV,94002,SXR,VISR,"18 INTERNATIONAL AIRPORTS"
431,"DOMESTIC PASSENGERS",VARANASI,2016,NOV,183318,VNS,VIBN,"18 INTERNATIONAL AIRPORTS"
432,"DOMESTIC PASSENGERS",MANGALORE,2016,NOV,74150,IXE,VOML,"18 INTERNATIONAL AIRPORTS"
433,"DOMESTIC PASSENGERS",AMRITSAR,2016,NOV,91185,ATQ,VIAR,"18 INTERNATIONAL AIRPORTS"
434,"DOMESTIC PASSENGERS",TRICHY,2016,NOV,13622,TRZ,VOTR,"18 INTERNATIONAL AIRPORTS"
435,"DOMESTIC PASSENGERS",PORTBLAIR,2016,NOV,118930,IXZ,VOPB,"18 INTERNATIONAL AIRPORTS"
436,"DOMESTIC PASSENGERS",IMPHAL,2016,NOV,74358,IMF,VEIM,"18 INTERNATIONAL AIRPORTS"
437,"DOMESTIC PASSENGERS","DELHI (DIAL)",2016,NOV,3624668,DEL,VIDP,"6 JV INTERNATIONAL AIRPORTS"
438,"DOMESTIC PASSENGERS","MUMBAI (MIAL)",2016,NOV,2669327,BOM,VABB,"6 JV INTERNATIONAL AIRPORTS"
439,"DOMESTIC PASSENGERS",AURANGABAD,2016,NOV,23767,IXU,VAAU,"8 CUSTOM AIRPORTS"
440,"DOMESTIC PASSENGERS",GAYA,2016,NOV,1009,GAY,VEGY,"8 CUSTOM AIRPORTS"
2143,"INTERNATIONAL PASSENGERS",BANGALORE,2016,NOV,281363,BLR,VOBL,"6 JV INTERNATIONAL AIRPORTS"
2144,"INTERNATIONAL PASSENGERS",HYDERABAD,2016,NOV,264156,HYD,VOHS,"6 JV INTERNATIONAL AIRPORTS"
2145,"INTERNATIONAL PASSENGERS",COCHIN,2016,NOV,384098,COK,VOCI,"6 JV INTERNATIONAL AIRPORTS"
2146,"INTERNATIONAL PASSENGERS",NAGPUR,2016,NOV,9531,NAG,VANP,"6 JV INTERNATIONAL AIRPORTS"
2147,"INTERNATIONAL PASSENGERS",PUNE,2016,NOV,22215,,,AUTO-ADDED
2148,"INTERNATIONAL PASSENGERS",VISAKHAPATNAM,2016,NOV,8215,,,AUTO-ADDED
2149,"INTERNATIONAL PASSENGERS",PATNA,2016,NOV,0,,,AUTO-ADDED
2150,"INTERNATIONAL PASSENGERS","CHANDIGARH  (JV AIRPOR",2016,NOV,12127,,,AUTO-ADDED
2151,"INTERNATIONAL PASSENGERS",BAGDOGRA,2016,NOV,1899,,,AUTO-ADDED
2152,"INTERNATIONAL PASSENGERS",MADURAI,2016,NOV,19640,,,AUTO-ADDED
595,"ANNEXURE-IIIA
INTERNATIONAL PASSENGERS",CHENNAI,2016,MAY,467331,MAA,VOMM,"18 INTERNATIONAL AIRPORTS"
596,"ANNEXURE-IIIA
INTERNATIONAL PASSENGERS",KOLKATA,2016,MAY,188773,CCU,VECC,"18 INTERNATIONAL AIRPORTS"
597,"ANNEXURE-IIIA
INTERNATIONAL PASSENGERS",AHMEDABAD,2016,MAY,167191,AMD,VAAH,"18 INTERNATIONAL AIRPORTS"
598,"ANNEXURE-IIIA
INTERNATIONAL PASSENGERS",GOA,2016,MAY,35303,GOI,VOGO,"18 INTERNATIONAL AIRPORTS"
599,"ANNEXURE-IIIA
INTERNATIONAL PASSENGERS",LUCKNOW,2016,MAY,56321,LKO,VILK,"18 INTERNATIONAL AIRPORTS"
600,"ANNEXURE-IIIA
INTERNATIONAL PASSENGERS",TRIVANDRUM,2016,MAY,203325,TRV,VOTV,"18 INTERNATIONAL AIRPORTS"
601,"ANNEXURE-IIIA
INTERNATIONAL PASSENGERS",GUWAHATI,2016,MAY,1965,GAU,VEGT,"18 INTERNATIONAL AIRPORTS"
602,"ANNEXURE-IIIA
INTERNATIONAL PASSENGERS",JAIPUR,2016,MAY,33033,JAI,VIJP,"18 INTERNATIONAL AIRPORTS"
603,"ANNEXURE-IIIA
INTERNATIONAL PASSENGERS",CALICUT,2016,MAY,187493,CCJ,VOCL,"18 INTERNATIONAL AIRPORTS"
604,"ANNEXURE-IIIA
INTERNATIONAL PASSENGERS",BHUBANESWAR,2016,MAY,2617,BBI,VEBS,"18 INTERNATIONAL AIRPORTS"
605,"ANNEXURE-IIIA
INTERNATIONAL PASSENGERS",COIMBATORE,2016,MAY,13073,CJB,VOCB,"18 INTERNATIONAL AIRPORTS"
606,"ANNEXURE-IIIA
INTERNATIONAL PASSENGERS",SRINAGAR,2016,MAY,0,SXR,VISR,"18 INTERNATIONAL AIRPORTS"
607,"ANNEXURE-IIIA
INTERNATIONAL PASSENGERS",VARANASI,2016,MAY,3716,VNS,VIBN,"18 INTERNATIONAL AIRPORTS"
608,"ANNEXURE-IIIA
INTERNATIONAL PASSENGERS",MANGALORE,2016,MAY,58293,IXE,VOML,"18 INTERNATIONAL AIRPORTS"
609,"ANNEXURE-IIIA
INTERNATIONAL PASSENGERS",AMRITSAR,2016,MAY,35042,ATQ,VIAR,"18 INTERNATIONAL AIRPORTS"
610,"ANNEXURE-IIIA
INTERNATIONAL PASSENGERS",TRICHY,2016,MAY,106121,TRZ,VOTR,"18 INTERNATIONAL AIRPORTS"
611,"ANNEXURE-IIIA
INTERNATIONAL PASSENGERS",PORTBLAIR,2016,MAY,278,IXZ,VOPB,"18 INTERNATIONAL AIRPORTS"
612,"ANNEXURE-IIIA
INTERNATIONAL PASSENGERS",IMPHAL,2016,MAY,0,IMF,VEIM,"18 INTERNATIONAL AIRPORTS"
613,"ANNEXURE-IIIA
INTERNATIONAL PASSENGERS","DELHI (DIAL)",2016,MAY,1185394,DEL,VIDP,"6 JV INTERNATIONAL AIRPORTS"
614,"ANNEXURE-IIIA
INTERNATIONAL PASSENGERS","MUMBAI (MIAL)",2016,MAY,1092717,BOM,VABB,"6 JV INTERNATIONAL AIRPORTS"
615,"ANNEXURE-IIIA
INTERNATIONAL PASSENGERS",AURANGABAD,2016,MAY,0,IXU,VAAU,"8 CUSTOM AIRPORTS"
616,"ANNEXURE-IIIA
INTERNATIONAL PASSENGERS",GAYA,2016,MAY,839,GAY,VEGY,"8 CUSTOM AIRPORTS"
639,"ANNEXURE-IIIB
DOMESTIC PASSENGERS",CHENNAI,2016,MAY,1095535,MAA,VOMM,"18 INTERNATIONAL AIRPORTS"
640,"ANNEXURE-IIIB
DOMESTIC PASSENGERS",KOLKATA,2016,MAY,1028204,CCU,VECC,"18 INTERNATIONAL AIRPORTS"
641,"ANNEXURE-IIIB
DOMESTIC PASSENGERS",AHMEDABAD,2016,MAY,443740,AMD,VAAH,"18 INTERNATIONAL AIRPORTS"
642,"ANNEXURE-IIIB
DOMESTIC PASSENGERS",GOA,2016,MAY,463411,GOI,VOGO,"18 INTERNATIONAL AIRPORTS"
643,"ANNEXURE-IIIB
DOMESTIC PASSENGERS",LUCKNOW,2016,MAY,249974,LKO,VILK,"18 INTERNATIONAL AIRPORTS"
644,"ANNEXURE-IIIB
DOMESTIC PASSENGERS",TRIVANDRUM,2016,MAY,133954,TRV,VOTV,"18 INTERNATIONAL AIRPORTS"
645,"ANNEXURE-IIIB
DOMESTIC PASSENGERS",GUWAHATI,2016,MAY,272056,GAU,VEGT,"18 INTERNATIONAL AIRPORTS"
646,"ANNEXURE-IIIB
DOMESTIC PASSENGERS",JAIPUR,2016,MAY,262532,JAI,VIJP,"18 INTERNATIONAL AIRPORTS"
647,"ANNEXURE-IIIB
DOMESTIC PASSENGERS",CALICUT,2016,MAY,37692,CCJ,VOCL,"18 INTERNATIONAL AIRPORTS"
648,"ANNEXURE-IIIB
DOMESTIC PASSENGERS",BHUBANESWAR,2016,MAY,174695,BBI,VEBS,"18 INTERNATIONAL AIRPORTS"
649,"ANNEXURE-IIIB
DOMESTIC PASSENGERS",COIMBATORE,2016,MAY,163055,CJB,VOCB,"18 INTERNATIONAL AIRPORTS"
650,"ANNEXURE-IIIB
DOMESTIC PASSENGERS",SRINAGAR,2016,MAY,277434,SXR,VISR,"18 INTERNATIONAL AIRPORTS"
651,"ANNEXURE-IIIB
DOMESTIC PASSENGERS",VARANASI,2016,MAY,137625,VNS,VIBN,"18 INTERNATIONAL AIRPORTS"
652,"ANNEXURE-IIIB
DOMESTIC PASSENGERS",MANGALORE,2016,MAY,90047,IXE,VOML,"18 INTERNATIONAL AIRPORTS"
653,"ANNEXURE-IIIB
DOMESTIC PASSENGERS",AMRITSAR,2016,MAY,78262,ATQ,VIAR,"18 INTERNATIONAL AIRPORTS"
654,"ANNEXURE-IIIB
DOMESTIC PASSENGERS",TRICHY,2016,MAY,15043,TRZ,VOTR,"18 INTERNATIONAL AIRPORTS"
655,"ANNEXURE-IIIB
DOMESTIC PASSENGERS",PORTBLAIR,2016,MAY,102570,IXZ,VOPB,"18 INTERNATIONAL AIRPORTS"
656,"ANNEXURE-IIIB
DOMESTIC PASSENGERS",IMPHAL,2016,MAY,71246,IMF,VEIM,"18 INTERNATIONAL AIRPORTS"
657,"ANNEXURE-IIIB
DOMESTIC PASSENGERS","DELHI (DIAL)",2016,MAY,3567065,DEL,VIDP,"6 JV INTERNATIONAL AIRPORTS"
658,"ANNEXURE-IIIB
DOMESTIC PASSENGERS","MUMBAI (MIAL)",2016,MAY,2865163,BOM,VABB,"6 JV INTERNATIONAL AIRPORTS"
659,"ANNEXURE-IIIB
DOMESTIC PASSENGERS",AURANGABAD,2016,MAY,27219,IXU,VAAU,"8 CUSTOM AIRPORTS"
660,"ANNEXURE-IIIB
DOMESTIC PASSENGERS",GAYA,2016,MAY,5091,GAY,VEGY,"8 CUSTOM AIRPORTS"
2654,"ANNEXURE-IIIA
INTERNATIONAL PASSENGERS",BANGALORE,2016,MAY,331542,BLR,VOBL,"6 JV INTERNATIONAL AIRPORTS"
2655,"ANNEXURE-IIIA
INTERNATIONAL PASSENGERS",HYDERABAD,2016,MAY,297409,HYD,VOHS,"6 JV INTERNATIONAL AIRPORTS"
2656,"ANNEXURE-IIIA
INTERNATIONAL PASSENGERS",COCHIN,2016,MAY,448675,COK,VOCI,"6 JV INTERNATIONAL AIRPORTS"
2657,"ANNEXURE-IIIA
INTERNATIONAL PASSENGERS",NAGPUR,2016,MAY,11159,NAG,VANP,"6 JV INTERNATIONAL AIRPORTS"
2658,"ANNEXURE-IIIA
INTERNATIONAL PASSENGERS",PUNE,2016,MAY,23070,,,AUTO-ADDED
2659,"ANNEXURE-IIIA
INTERNATIONAL PASSENGERS",VISAKHAPATNAM,2016,MAY,9162,,,AUTO-ADDED
2660,"ANNEXURE-IIIA
INTERNATIONAL PASSENGERS",PATNA,2016,MAY,0,,,AUTO-ADDED
2661,"ANNEXURE-IIIA
INTERNATIONAL PASSENGERS","CHANDIGARH  (JV AIRPORT",2016,MAY,0,,,AUTO-ADDED
2662,"ANNEXURE-IIIA
INTERNATIONAL PASSENGERS",BAGDOGRA,2016,MAY,2545,,,AUTO-ADDED
2663,"ANNEXURE-IIIA
INTERNATIONAL PASSENGERS",MADURAI,2016,MAY,25043,,,AUTO-ADDED
2664,"ANNEXURE-IIIA
INTERNATIONAL PASSENGERS","(D) 50 DOMESTIC AIRPORTS",2016,MAY,0,,,AUTO-ADDED
2665,"ANNEXURE-IIIA
INTERNATIONAL PASSENGERS","(E) STATE GOVT. / PVT AIRPORTS",2016,MAY,0,,,AUTO-ADDED
2666,"ANNEXURE-IIIA
INTERNATIONAL PASSENGERS","(F) OTHER AIRPORTS",2016,MAY,0,,,AUTO-ADDED
2732,"ANNEXURE-IIIB
DOMESTIC PASSENGERS",BANGALORE,2016,MAY,1634634,BLR,VOBL,"6 JV INTERNATIONAL AIRPORTS"
2733,"ANNEXURE-IIIB
DOMESTIC PASSENGERS",HYDERABAD,2016,MAY,914955,HYD,VOHS,"6 JV INTERNATIONAL AIRPORTS"
2734,"ANNEXURE-IIIB
DOMESTIC PASSENGERS",COCHIN,2016,MAY,326345,COK,VOCI,"6 JV INTERNATIONAL AIRPORTS"
2735,"ANNEXURE-IIIB
DOMESTIC PASSENGERS",NAGPUR,2016,MAY,142720,NAG,VANP,"6 JV INTERNATIONAL AIRPORTS"
2736,"ANNEXURE-IIIB
DOMESTIC PASSENGERS",PUNE,2016,MAY,544142,,,AUTO-ADDED
2737,"ANNEXURE-IIIB
DOMESTIC PASSENGERS",VISAKHAPATNAM,2016,MAY,182661,,,AUTO-ADDED
2738,"ANNEXURE-IIIB
DOMESTIC PASSENGERS",PATNA,2016,MAY,155071,,,AUTO-ADDED
2739,"ANNEXURE-IIIB
DOMESTIC PASSENGERS","CHANDIGARH  (JV AIRPORT",2016,MAY,140553,,,AUTO-ADDED
2740,"ANNEXURE-IIIB
DOMESTIC PASSENGERS",BAGDOGRA,2016,MAY,104644,,,AUTO-ADDED
2741,"ANNEXURE-IIIB
DOMESTIC PASSENGERS",MADURAI,2016,MAY,62323,,,AUTO-ADDED
2742,"ANNEXURE-IIIB
DOMESTIC PASSENGERS",INDORE,2016,MAY,163052,,,AUTO-ADDED
2743,"ANNEXURE-IIIB
DOMESTIC PASSENGERS",RAIPUR,2016,MAY,118311,,,AUTO-ADDED
2744,"ANNEXURE-IIIB
DOMESTIC PASSENGERS",AGARTALA,2016,MAY,97054,,,AUTO-ADDED
2745,"ANNEXURE-IIIB
DOMESTIC PASSENGERS",JAMMU,2016,MAY,88204,,,AUTO-ADDED
2746,"ANNEXURE-IIIB
DOMESTIC PASSENGERS",VADODARA,2016,MAY,106975,,,AUTO-ADDED
2747,"ANNEXURE-IIIB
DOMESTIC PASSENGERS",UDAIPUR,2016,MAY,85349,,,AUTO-ADDED
2748,"ANNEXURE-IIIB
DOMESTIC PASSENGERS",RANCHI,2016,MAY,73352,,,AUTO-ADDED
2749,"ANNEXURE-IIIB
DOMESTIC PASSENGERS",DEHRADUN,2016,MAY,75550,,,AUTO-ADDED
2750,"ANNEXURE-IIIB
DOMESTIC PASSENGERS",BHOPAL,2016,MAY,69513,,,AUTO-ADDED
2751,"ANNEXURE-IIIB
DOMESTIC PASSENGERS",VIJAYAWADA,2016,MAY,51699,,,AUTO-ADDED
2752,"ANNEXURE-IIIB
DOMESTIC PASSENGERS",LEH,2016,MAY,63695,,,AUTO-ADDED
2753,"ANNEXURE-IIIB
DOMESTIC PASSENGERS",TIRUPATI,2016,MAY,40926,,,AUTO-ADDED
2754,"ANNEXURE-IIIB
DOMESTIC PASSENGERS",RAJKOT,2016,MAY,32730,,,AUTO-ADDED
2755,"ANNEXURE-IIIB
DOMESTIC PASSENGERS",JODHPUR,2016,MAY,24130,,,AUTO-ADDED
2756,"ANNEXURE-IIIB
DOMESTIC PASSENGERS",DIBRUGARH,2016,MAY,25488,,,AUTO-ADDED
2757,"ANNEXURE-IIIB
DOMESTIC PASSENGERS",RAJAHMUNDRY,2016,MAY,21791,,,AUTO-ADDED
2758,"ANNEXURE-IIIB
DOMESTIC PASSENGERS",SILCHAR,2016,MAY,14285,,,AUTO-ADDED
2759,"ANNEXURE-IIIB
DOMESTIC PASSENGERS",SURAT,2016,MAY,14162,,,AUTO-ADDED
2760,"ANNEXURE-IIIB
DOMESTIC PASSENGERS",BHUJ,2016,MAY,16024,,,AUTO-ADDED
2761,"ANNEXURE-IIIB
DOMESTIC PASSENGERS",JUHU,2016,MAY,14764,,,AUTO-ADDED
2762,"ANNEXURE-IIIB
DOMESTIC PASSENGERS",JABALPUR,2016,MAY,11813,,,AUTO-ADDED
2763,"ANNEXURE-IIIB
DOMESTIC PASSENGERS",DIMAPUR,2016,MAY,11262,,,AUTO-ADDED
2764,"ANNEXURE-IIIB
DOMESTIC PASSENGERS",GUGGAL,2016,MAY,12422,,,AUTO-ADDED
2765,"ANNEXURE-IIIB
DOMESTIC PASSENGERS",TUTICORIN,2016,MAY,8556,,,AUTO-ADDED
2766,"ANNEXURE-IIIB
DOMESTIC PASSENGERS",BELGAUM,2016,MAY,9163,,,AUTO-ADDED
2767,"ANNEXURE-IIIB
DOMESTIC PASSENGERS",JAMNAGAR,2016,MAY,8819,,,AUTO-ADDED
2768,"ANNEXURE-IIIB
DOMESTIC PASSENGERS",KHAJURAHO,2016,MAY,1358,,,AUTO-ADDED
2769,"ANNEXURE-IIIB
DOMESTIC PASSENGERS",JORHAT,2016,MAY,4525,,,AUTO-ADDED
2770,"ANNEXURE-IIIB
DOMESTIC PASSENGERS",GORKHPUR,2016,MAY,2869,,,AUTO-ADDED
2771,"ANNEXURE-IIIB
DOMESTIC PASSENGERS",ALLAHABAD,2016,MAY,3256,,,AUTO-ADDED
2772,"ANNEXURE-IIIB
DOMESTIC PASSENGERS",AGATTI,2016,MAY,2884,,,AUTO-ADDED
2773,"ANNEXURE-IIIB
DOMESTIC PASSENGERS",HUBLI,2016,MAY,3861,,,AUTO-ADDED
2774,"ANNEXURE-IIIB
DOMESTIC PASSENGERS",BHUNTAR,2016,MAY,2394,,,AUTO-ADDED
2775,"ANNEXURE-IIIB
DOMESTIC PASSENGERS",BHAVNAGAR,2016,MAY,1750,,,AUTO-ADDED
2776,"ANNEXURE-IIIB
DOMESTIC PASSENGERS",DIU,2016,MAY,1730,,,AUTO-ADDED
2777,"ANNEXURE-IIIB
DOMESTIC PASSENGERS",GWALIOR,2016,MAY,1244,,,AUTO-ADDED
2778,"ANNEXURE-IIIB
DOMESTIC PASSENGERS",BARAPANI,2016,MAY,1261,,,AUTO-ADDED
2779,"ANNEXURE-IIIB
DOMESTIC PASSENGERS",PANTNAGAR,2016,MAY,885,,,AUTO-ADDED
2780,"ANNEXURE-IIIB
DOMESTIC PASSENGERS",LAKHIMPUR,2016,MAY,860,,,AUTO-ADDED
2781,"ANNEXURE-IIIB
DOMESTIC PASSENGERS",AGRA,2016,MAY,115,,,AUTO-ADDED
2782,"ANNEXURE-IIIB
DOMESTIC PASSENGERS",TEZPUR,2016,MAY,768,,,AUTO-ADDED
2783,"ANNEXURE-IIIB
DOMESTIC PASSENGERS",BHATINDA,2016,MAY,0,,,AUTO-ADDED
2784,"ANNEXURE-IIIB
DOMESTIC PASSENGERS",PORBANDAR,2016,MAY,0,,,AUTO-ADDED
2785,"ANNEXURE-IIIB
DOMESTIC PASSENGERS",KANPUR,2016,MAY,76,,,AUTO-ADDED
2786,"ANNEXURE-IIIB
DOMESTIC PASSENGERS",CUDDAPAH,2016,MAY,1041,,,AUTO-ADDED
2787,"ANNEXURE-IIIB
DOMESTIC PASSENGERS",BIKANER,2016,MAY,0,,,AUTO-ADDED
2788,"ANNEXURE-IIIB
DOMESTIC PASSENGERS",JAISALMER,2016,MAY,0,,,AUTO-ADDED
2789,"ANNEXURE-IIIB
DOMESTIC PASSENGERS",LUDHIANA,2016,MAY,9,,,AUTO-ADDED
2790,"ANNEXURE-IIIB
DOMESTIC PASSENGERS",KOLHAPUR,2016,MAY,0,,,AUTO-ADDED
2791,"ANNEXURE-IIIB
DOMESTIC PASSENGERS",SHIMLA,2016,MAY,0,,,AUTO-ADDED
2792,"ANNEXURE-IIIB
DOMESTIC PASSENGERS",LENGPUI,2016,MAY,16339,,,AUTO-ADDED
2793,"ANNEXURE-IIIB
DOMESTIC PASSENGERS",DURGAPUR,2016,MAY,1416,,,AUTO-ADDED
2794,"ANNEXURE-IIIB
DOMESTIC PASSENGERS",NANDED,2016,MAY,0,,,AUTO-ADDED
2795,"ANNEXURE-IIIB
DOMESTIC PASSENGERS",MUNDRA,2016,MAY,0,,,AUTO-ADDED
2796,"ANNEXURE-IIIB
DOMESTIC PASSENGERS","(F) OTHER AIRPORTS",2016,MAY,23,,,AUTO-ADDED
2602,"INTERNATIONAL PASSENGERS","(D) 48 DOMESTIC AIRPORTS",2016,March,304,,,AUTO-ADDED
2603,"INTERNATIONAL PASSENGERS","(E) STATE GOVT. / PVT AIRPORTS",2016,March,0,,,AUTO-ADDED
2604,"INTERNATIONAL PASSENGERS","(F) OTHER AIRPORTS",2016,March,19,,,AUTO-ADDED
2438,"DOMESTIC PASSENGERS","OTHER AIRPORTS",2016,March,9,,,AUTO-ADDED
1452,"DOMESTIC PASSENGERS",GUGGAL,2016,March,8377,,,AUTO-ADDED
1453,"DOMESTIC PASSENGERS",KHAJURAHO,2016,March,8816,,,AUTO-ADDED
1454,"DOMESTIC PASSENGERS",ALLAHABAD,2016,March,3717,,,AUTO-ADDED
1455,"DOMESTIC PASSENGERS",JORHAT,2016,March,4408,,,AUTO-ADDED
1456,"DOMESTIC PASSENGERS",BHAVNAGAR,2016,March,2511,,,AUTO-ADDED
1457,"DOMESTIC PASSENGERS",HUBLI,2016,March,3091,,,AUTO-ADDED
1458,"DOMESTIC PASSENGERS",AGATTI,2016,March,2794,,,AUTO-ADDED
1459,"DOMESTIC PASSENGERS",BHUNTAR,2016,March,2376,,,AUTO-ADDED
1460,"DOMESTIC PASSENGERS",PORBANDAR,2016,March,1325,,,AUTO-ADDED
1461,"DOMESTIC PASSENGERS",BARAPANI,2016,March,1185,,,AUTO-ADDED
1462,"DOMESTIC PASSENGERS",GORKHPUR,2016,March,4944,,,AUTO-ADDED
1463,"DOMESTIC PASSENGERS",AGRA,2016,March,1455,,,AUTO-ADDED
1464,"DOMESTIC PASSENGERS",GWALIOR,2016,March,1186,,,AUTO-ADDED
1465,"DOMESTIC PASSENGERS",PANTNAGAR,2016,March,519,,,AUTO-ADDED
1466,"DOMESTIC PASSENGERS",LAKHIMPUR,2016,March,801,,,AUTO-ADDED
1467,"DOMESTIC PASSENGERS",PONDICHERRY,2016,March,0,,,AUTO-ADDED
1468,"DOMESTIC PASSENGERS",TEZPUR,2016,March,253,,,AUTO-ADDED
1469,"DOMESTIC PASSENGERS",CUDDAPAH,2016,March,0,,,AUTO-ADDED
1470,"DOMESTIC PASSENGERS",MYSORE,2016,March,0,,,AUTO-ADDED
1471,"DOMESTIC PASSENGERS",KANPUR,2016,March,0,,,AUTO-ADDED
1472,"DOMESTIC PASSENGERS",LENGPUI,2016,March,15305,,,AUTO-ADDED
1473,"DOMESTIC PASSENGERS",DIU,2016,March,2822,,,AUTO-ADDED
1474,"DOMESTIC PASSENGERS",DURGAPUR,2016,March,1542,,,AUTO-ADDED
1475,"DOMESTIC PASSENGERS",NANDED,2016,March,0,,,AUTO-ADDED
1476,"DOMESTIC PASSENGERS",MUNDRA,2016,March,0,,,AUTO-ADDED
1363,"INTERNATIONAL PASSENGERS",CHENNAI,2016,March,411291,MAA,VOMM,"18 INTERNATIONAL AIRPORTS"
1364,"INTERNATIONAL PASSENGERS",KOLKATA,2016,March,181064,CCU,VECC,"18 INTERNATIONAL AIRPORTS"
1365,"INTERNATIONAL PASSENGERS",AHMEDABAD,2016,March,142834,AMD,VAAH,"18 INTERNATIONAL AIRPORTS"
1366,"INTERNATIONAL PASSENGERS",GOA,2016,March,84009,GOI,VOGO,"18 INTERNATIONAL AIRPORTS"
1367,"INTERNATIONAL PASSENGERS",TRIVANDRUM,2016,March,190776,TRV,VOTV,"18 INTERNATIONAL AIRPORTS"
1368,"INTERNATIONAL PASSENGERS",LUCKNOW,2016,March,55655,LKO,VILK,"18 INTERNATIONAL AIRPORTS"
1369,"INTERNATIONAL PASSENGERS",JAIPUR,2016,March,37803,JAI,VIJP,"18 INTERNATIONAL AIRPORTS"
1370,"INTERNATIONAL PASSENGERS",GUWAHATI,2016,March,1754,GAU,VEGT,"18 INTERNATIONAL AIRPORTS"
1371,"INTERNATIONAL PASSENGERS",SRINAGAR,2016,March,0,SXR,VISR,"18 INTERNATIONAL AIRPORTS"
1372,"INTERNATIONAL PASSENGERS",CALICUT,2016,March,160104,CCJ,VOCL,"18 INTERNATIONAL AIRPORTS"
1373,"INTERNATIONAL PASSENGERS",BHUBANESWAR,2016,March,2303,BBI,VEBS,"18 INTERNATIONAL AIRPORTS"
1374,"INTERNATIONAL PASSENGERS",COIMBATORE,2016,March,9712,CJB,VOCB,"18 INTERNATIONAL AIRPORTS"
1375,"INTERNATIONAL PASSENGERS",MANGALORE,2016,March,56386,IXE,VOML,"18 INTERNATIONAL AIRPORTS"
1376,"INTERNATIONAL PASSENGERS",VARANASI,2016,March,8968,VNS,VIBN,"18 INTERNATIONAL AIRPORTS"
1377,"INTERNATIONAL PASSENGERS",TRICHY,2016,March,96814,TRZ,VOTR,"18 INTERNATIONAL AIRPORTS"
1378,"INTERNATIONAL PASSENGERS",AMRITSAR,2016,March,37619,ATQ,VIAR,"18 INTERNATIONAL AIRPORTS"
1379,"INTERNATIONAL PASSENGERS",PORTBLAIR,2016,March,23,IXZ,VOPB,"18 INTERNATIONAL AIRPORTS"
1380,"INTERNATIONAL PASSENGERS",IMPHAL,2016,March,0,IMF,VEIM,"18 INTERNATIONAL AIRPORTS"
1381,"INTERNATIONAL PASSENGERS","DELHI (DIAL)",2016,March,1319428,DEL,VIDP,"6 JV INTERNATIONAL AIRPORTS"
1382,"INTERNATIONAL PASSENGERS","MUMBAI (MIAL)",2016,March,976142,BOM,VABB,"6 JV INTERNATIONAL AIRPORTS"
1383,"INTERNATIONAL PASSENGERS",BANGALORE,2016,March,275158,BLR,VOBL,"6 JV INTERNATIONAL AIRPORTS"
1384,"INTERNATIONAL PASSENGERS",HYDERABAD,2016,March,257121,HYD,VOHS,"6 JV INTERNATIONAL AIRPORTS"
1385,"INTERNATIONAL PASSENGERS",COCHIN,2016,March,395765,COK,VOCI,"6 JV INTERNATIONAL AIRPORTS"
1386,"INTERNATIONAL PASSENGERS",NAGPUR,2016,March,7865,NAG,VANP,"6 JV INTERNATIONAL AIRPORTS"
1387,"INTERNATIONAL PASSENGERS",CHANDIGARH,2016,March,0,IXC,VICG,"8 CUSTOM AIRPORTS"
1388,"INTERNATIONAL PASSENGERS",PUNE,2016,March,19515,,,AUTO-ADDED
1389,"INTERNATIONAL PASSENGERS",VISAKHAPATNAM,2016,March,8478,,,AUTO-ADDED
1390,"INTERNATIONAL PASSENGERS",PATNA,2016,March,0,,,AUTO-ADDED
1391,"INTERNATIONAL PASSENGERS",BAGDOGRA,2016,March,2228,,,AUTO-ADDED
1392,"INTERNATIONAL PASSENGERS",MADURAI,2016,March,23423,,,AUTO-ADDED
1393,"INTERNATIONAL PASSENGERS",AURANGABAD,2016,March,0,IXU,VAAU,"8 CUSTOM AIRPORTS"
1394,"INTERNATIONAL PASSENGERS",GAYA,2016,March,15640,GAY,VEGY,"8 CUSTOM AIRPORTS"
1395,"DOMESTIC PASSENGERS",CHENNAI,2016,March,971769,MAA,VOMM,"18 INTERNATIONAL AIRPORTS"
1396,"DOMESTIC PASSENGERS",KOLKATA,2016,March,1008756,CCU,VECC,"18 INTERNATIONAL AIRPORTS"
1397,"DOMESTIC PASSENGERS",AHMEDABAD,2016,March,450813,AMD,VAAH,"18 INTERNATIONAL AIRPORTS"
1398,"DOMESTIC PASSENGERS",GOA,2016,March,455157,GOI,VOGO,"18 INTERNATIONAL AIRPORTS"
1399,"DOMESTIC PASSENGERS",TRIVANDRUM,2016,March,134940,TRV,VOTV,"18 INTERNATIONAL AIRPORTS"
1400,"DOMESTIC PASSENGERS",LUCKNOW,2016,March,240964,LKO,VILK,"18 INTERNATIONAL AIRPORTS"
1401,"DOMESTIC PASSENGERS",JAIPUR,2016,March,241393,JAI,VIJP,"18 INTERNATIONAL AIRPORTS"
1402,"DOMESTIC PASSENGERS",GUWAHATI,2016,March,248982,GAU,VEGT,"18 INTERNATIONAL AIRPORTS"
1403,"DOMESTIC PASSENGERS",SRINAGAR,2016,March,198935,SXR,VISR,"18 INTERNATIONAL AIRPORTS"
1404,"DOMESTIC PASSENGERS",CALICUT,2016,March,27135,CCJ,VOCL,"18 INTERNATIONAL AIRPORTS"
1405,"DOMESTIC PASSENGERS",BHUBANESWAR,2016,March,180911,BBI,VEBS,"18 INTERNATIONAL AIRPORTS"
1406,"DOMESTIC PASSENGERS",COIMBATORE,2016,March,126548,CJB,VOCB,"18 INTERNATIONAL AIRPORTS"
1407,"DOMESTIC PASSENGERS",MANGALORE,2016,March,89193,IXE,VOML,"18 INTERNATIONAL AIRPORTS"
1408,"DOMESTIC PASSENGERS",VARANASI,2016,March,152595,VNS,VIBN,"18 INTERNATIONAL AIRPORTS"
1409,"DOMESTIC PASSENGERS",TRICHY,2016,March,11951,TRZ,VOTR,"18 INTERNATIONAL AIRPORTS"
1410,"DOMESTIC PASSENGERS",AMRITSAR,2016,March,82622,ATQ,VIAR,"18 INTERNATIONAL AIRPORTS"
1411,"DOMESTIC PASSENGERS",PORTBLAIR,2016,March,90838,IXZ,VOPB,"18 INTERNATIONAL AIRPORTS"
1412,"DOMESTIC PASSENGERS",IMPHAL,2016,March,73732,IMF,VEIM,"18 INTERNATIONAL AIRPORTS"
1413,"DOMESTIC PASSENGERS","DELHI (DIAL)",2016,March,3270267,DEL,VIDP,"6 JV INTERNATIONAL AIRPORTS"
1414,"DOMESTIC PASSENGERS","MUMBAI (MIAL)",2016,March,2645054,BOM,VABB,"6 JV INTERNATIONAL AIRPORTS"
1415,"DOMESTIC PASSENGERS",BANGALORE,2016,March,1379475,BLR,VOBL,"6 JV INTERNATIONAL AIRPORTS"
1416,"DOMESTIC PASSENGERS",HYDERABAD,2016,March,824748,HYD,VOHS,"6 JV INTERNATIONAL AIRPORTS"
1417,"DOMESTIC PASSENGERS",COCHIN,2016,March,273043,COK,VOCI,"6 JV INTERNATIONAL AIRPORTS"
1418,"DOMESTIC PASSENGERS",NAGPUR,2016,March,126120,NAG,VANP,"6 JV INTERNATIONAL AIRPORTS"
1419,"DOMESTIC PASSENGERS",CHANDIGARH,2016,March,143261,IXC,VICG,"8 CUSTOM AIRPORTS"
1420,"DOMESTIC PASSENGERS",PUNE,2016,March,470397,,,AUTO-ADDED
1421,"DOMESTIC PASSENGERS",VISAKHAPATNAM,2016,March,167465,,,AUTO-ADDED
1422,"DOMESTIC PASSENGERS",PATNA,2016,March,155215,,,AUTO-ADDED
1423,"DOMESTIC PASSENGERS",BAGDOGRA,2016,March,104604,,,AUTO-ADDED
1424,"DOMESTIC PASSENGERS",MADURAI,2016,March,58833,,,AUTO-ADDED
1425,"DOMESTIC PASSENGERS",AURANGABAD,2016,March,25593,IXU,VAAU,"8 CUSTOM AIRPORTS"
1426,"DOMESTIC PASSENGERS",GAYA,2016,March,6389,GAY,VEGY,"8 CUSTOM AIRPORTS"
1427,"DOMESTIC PASSENGERS",INDORE,2016,March,141765,,,AUTO-ADDED
1428,"DOMESTIC PASSENGERS",RAIPUR,2016,March,103248,,,AUTO-ADDED
1429,"DOMESTIC PASSENGERS",JAMMU,2016,March,100105,,,AUTO-ADDED
1430,"DOMESTIC PASSENGERS",VADODARA,2016,March,82510,,,AUTO-ADDED
1431,"DOMESTIC PASSENGERS",AGARTALA,2016,March,86422,,,AUTO-ADDED
1432,"DOMESTIC PASSENGERS",RANCHI,2016,March,62584,,,AUTO-ADDED
1433,"DOMESTIC PASSENGERS",UDAIPUR,2016,March,86299,,,AUTO-ADDED
1434,"DOMESTIC PASSENGERS",BHOPAL,2016,March,52037,,,AUTO-ADDED
1435,"DOMESTIC PASSENGERS",DEHRADUN,2016,March,62764,,,AUTO-ADDED
1436,"DOMESTIC PASSENGERS",RAJKOT,2016,March,31295,,,AUTO-ADDED
1437,"DOMESTIC PASSENGERS",LEH,2016,March,30108,,,AUTO-ADDED
1438,"DOMESTIC PASSENGERS",VIJAYAWADA,2016,March,38432,,,AUTO-ADDED
1439,"DOMESTIC PASSENGERS",TIRUPATI,2016,March,34605,,,AUTO-ADDED
1440,"DOMESTIC PASSENGERS",DIBRUGARH,2016,March,27077,,,AUTO-ADDED
1441,"DOMESTIC PASSENGERS",JODHPUR,2016,March,25617,,,AUTO-ADDED
1442,"DOMESTIC PASSENGERS",RAJAHMUNDRY,2016,March,20859,,,AUTO-ADDED
1443,"DOMESTIC PASSENGERS",SILCHAR,2016,March,16743,,,AUTO-ADDED
1444,"DOMESTIC PASSENGERS",JUHU,2016,March,14756,,,AUTO-ADDED
1445,"DOMESTIC PASSENGERS",JABALPUR,2016,March,10724,,,AUTO-ADDED
1446,"DOMESTIC PASSENGERS",BHUJ,2016,March,12228,,,AUTO-ADDED
1447,"DOMESTIC PASSENGERS",BELGAUM,2016,March,8406,,,AUTO-ADDED
1448,"DOMESTIC PASSENGERS",DIMAPUR,2016,March,9926,,,AUTO-ADDED
1449,"DOMESTIC PASSENGERS",SURAT,2016,March,12695,,,AUTO-ADDED
1450,"DOMESTIC PASSENGERS",TUTICORIN,2016,March,7997,,,AUTO-ADDED
1451,"DOMESTIC PASSENGERS",JAMNAGAR,2016,March,6830,,,AUTO-ADDED
1669,"INTERNATIONAL PASSENGERS",BANGALORE,2016,JUNE,282038,BLR,VOBL,"6 JV INTERNATIONAL AIRPORTS"
1670,"INTERNATIONAL PASSENGERS",HYDERABAD,2016,JUNE,270769,HYD,VOHS,"6 JV INTERNATIONAL AIRPORTS"
1671,"INTERNATIONAL PASSENGERS",COCHIN,2016,JUNE,388097,COK,VOCI,"6 JV INTERNATIONAL AIRPORTS"
1672,"INTERNATIONAL PASSENGERS",NAGPUR,2016,JUNE,9167,NAG,VANP,"6 JV INTERNATIONAL AIRPORTS"
1673,"INTERNATIONAL PASSENGERS",PUNE,2016,JUNE,18184,,,AUTO-ADDED
1674,"INTERNATIONAL PASSENGERS",VISAKHAPATNAM,2016,JUNE,7620,,,AUTO-ADDED
1675,"INTERNATIONAL PASSENGERS",PATNA,2016,JUNE,0,,,AUTO-ADDED
1676,"INTERNATIONAL PASSENGERS",CHANDIGARH,2016,JUNE,0,IXC,VICG,"8 CUSTOM AIRPORTS"
1677,"INTERNATIONAL PASSENGERS",BAGDOGRA,2016,JUNE,2416,,,AUTO-ADDED
1678,"INTERNATIONAL PASSENGERS",MADURAI,2016,JUNE,22976,,,AUTO-ADDED
1753,"DOMESTIC PASSENGERS",BANGALORE,2016,JUNE,1458251,BLR,VOBL,"6 JV INTERNATIONAL AIRPORTS"
1754,"DOMESTIC PASSENGERS",HYDERABAD,2016,JUNE,846234,HYD,VOHS,"6 JV INTERNATIONAL AIRPORTS"
1755,"DOMESTIC PASSENGERS",COCHIN,2016,JUNE,273932,COK,VOCI,"6 JV INTERNATIONAL AIRPORTS"
1756,"DOMESTIC PASSENGERS",NAGPUR,2016,JUNE,134879,NAG,VANP,"6 JV INTERNATIONAL AIRPORTS"
1757,"DOMESTIC PASSENGERS",PUNE,2016,JUNE,499713,,,AUTO-ADDED
1758,"DOMESTIC PASSENGERS",VISAKHAPATNAM,2016,JUNE,168558,,,AUTO-ADDED
1759,"DOMESTIC PASSENGERS",PATNA,2016,JUNE,151883,,,AUTO-ADDED
1760,"DOMESTIC PASSENGERS",CHANDIGARH,2016,JUNE,152556,IXC,VICG,"8 CUSTOM AIRPORTS"
1761,"DOMESTIC PASSENGERS",BAGDOGRA,2016,JUNE,126087,,,AUTO-ADDED
1762,"DOMESTIC PASSENGERS",MADURAI,2016,JUNE,58682,,,AUTO-ADDED
1763,"DOMESTIC PASSENGERS",INDORE,2016,JUNE,128101,,,AUTO-ADDED
1764,"DOMESTIC PASSENGERS",RAIPUR,2016,JUNE,111845,,,AUTO-ADDED
1765,"DOMESTIC PASSENGERS",AGARTALA,2016,JUNE,93449,,,AUTO-ADDED
1766,"DOMESTIC PASSENGERS",JAMMU,2016,JUNE,84604,,,AUTO-ADDED
1767,"DOMESTIC PASSENGERS",VADODARA,2016,JUNE,89320,,,AUTO-ADDED
1768,"DOMESTIC PASSENGERS",UDAIPUR,2016,JUNE,78026,,,AUTO-ADDED
1769,"DOMESTIC PASSENGERS",RANCHI,2016,JUNE,70888,,,AUTO-ADDED
1770,"DOMESTIC PASSENGERS",DEHRADUN,2016,JUNE,69813,,,AUTO-ADDED
1771,"DOMESTIC PASSENGERS",BHOPAL,2016,JUNE,60599,,,AUTO-ADDED
1772,"DOMESTIC PASSENGERS",VIJAYAWADA,2016,JUNE,48092,,,AUTO-ADDED
1773,"DOMESTIC PASSENGERS",LEH,2016,JUNE,69178,,,AUTO-ADDED
1774,"DOMESTIC PASSENGERS",TIRUPATI,2016,JUNE,43766,,,AUTO-ADDED
1775,"DOMESTIC PASSENGERS",RAJKOT,2016,JUNE,28416,,,AUTO-ADDED
1776,"DOMESTIC PASSENGERS",JODHPUR,2016,JUNE,23457,,,AUTO-ADDED
1777,"DOMESTIC PASSENGERS",DIBRUGARH,2016,JUNE,24833,,,AUTO-ADDED
1778,"DOMESTIC PASSENGERS",RAJAHMUNDRY,2016,JUNE,19545,,,AUTO-ADDED
1779,"DOMESTIC PASSENGERS",SILCHAR,2016,JUNE,13478,,,AUTO-ADDED
1780,"DOMESTIC PASSENGERS",SURAT,2016,JUNE,12628,,,AUTO-ADDED
1781,"DOMESTIC PASSENGERS",BHUJ,2016,JUNE,12123,,,AUTO-ADDED
1782,"DOMESTIC PASSENGERS",JUHU,2016,JUNE,14458,,,AUTO-ADDED
1783,"DOMESTIC PASSENGERS",JABALPUR,2016,JUNE,12307,,,AUTO-ADDED
1784,"DOMESTIC PASSENGERS",DIMAPUR,2016,JUNE,11894,,,AUTO-ADDED
1785,"DOMESTIC PASSENGERS",GUGGAL,2016,JUNE,11576,,,AUTO-ADDED
1786,"DOMESTIC PASSENGERS",TUTICORIN,2016,JUNE,8323,,,AUTO-ADDED
1787,"DOMESTIC PASSENGERS",BELGAUM,2016,JUNE,8114,,,AUTO-ADDED
1788,"DOMESTIC PASSENGERS",JAMNAGAR,2016,JUNE,7618,,,AUTO-ADDED
1789,"DOMESTIC PASSENGERS",KHAJURAHO,2016,JUNE,1248,,,AUTO-ADDED
1790,"DOMESTIC PASSENGERS",JORHAT,2016,JUNE,4179,,,AUTO-ADDED
1791,"DOMESTIC PASSENGERS",GORKHPUR,2016,JUNE,2788,,,AUTO-ADDED
1792,"DOMESTIC PASSENGERS",ALLAHABAD,2016,JUNE,3212,,,AUTO-ADDED
1793,"DOMESTIC PASSENGERS",AGATTI,2016,JUNE,2444,,,AUTO-ADDED
1794,"DOMESTIC PASSENGERS",HUBLI,2016,JUNE,2618,,,AUTO-ADDED
1795,"DOMESTIC PASSENGERS",BHUNTAR,2016,JUNE,2344,,,AUTO-ADDED
1796,"DOMESTIC PASSENGERS",BHAVNAGAR,2016,JUNE,0,,,AUTO-ADDED
1797,"DOMESTIC PASSENGERS",DIU,2016,JUNE,1361,,,AUTO-ADDED
1798,"DOMESTIC PASSENGERS",GWALIOR,2016,JUNE,1210,,,AUTO-ADDED
1799,"DOMESTIC PASSENGERS",BARAPANI,2016,JUNE,1284,,,AUTO-ADDED
1800,"DOMESTIC PASSENGERS",PANTNAGAR,2016,JUNE,524,,,AUTO-ADDED
1801,"DOMESTIC PASSENGERS",LAKHIMPUR,2016,JUNE,795,,,AUTO-ADDED
1802,"DOMESTIC PASSENGERS",AGRA,2016,JUNE,0,,,AUTO-ADDED
1803,"DOMESTIC PASSENGERS",TEZPUR,2016,JUNE,711,,,AUTO-ADDED
1804,"DOMESTIC PASSENGERS",BHATINDA,2016,JUNE,0,,,AUTO-ADDED
1805,"DOMESTIC PASSENGERS",PORBANDAR,2016,JUNE,176,,,AUTO-ADDED
1806,"DOMESTIC PASSENGERS",KANPUR,2016,JUNE,0,,,AUTO-ADDED
1807,"DOMESTIC PASSENGERS",CUDDAPAH,2016,JUNE,394,,,AUTO-ADDED
1808,"DOMESTIC PASSENGERS",BIKANER,2016,JUNE,0,,,AUTO-ADDED
1809,"DOMESTIC PASSENGERS",JAISALMER,2016,JUNE,0,,,AUTO-ADDED
1810,"DOMESTIC PASSENGERS",LUDHIANA,2016,JUNE,6,,,AUTO-ADDED
1811,"DOMESTIC PASSENGERS",KOLHAPUR,2016,JUNE,0,,,AUTO-ADDED
1812,"DOMESTIC PASSENGERS",SHIMLA,2016,JUNE,12,,,AUTO-ADDED
1813,"DOMESTIC PASSENGERS",LENGPUI,2016,JUNE,16750,,,AUTO-ADDED
1814,"DOMESTIC PASSENGERS",DURGAPUR,2016,JUNE,776,,,AUTO-ADDED
1815,"DOMESTIC PASSENGERS",NANDED,2016,JUNE,0,,,AUTO-ADDED
2442,"DOMESTIC PASSENGERS","OTHER AIRPORTS",2016,JUNE,0,,,AUTO-ADDED
2614,"INTERNATIONAL PASSENGERS","(D) 48 DOMESTIC AIRPORTS",2016,JUNE,0,,,AUTO-ADDED
2615,"INTERNATIONAL PASSENGERS","(E) STATE GOVT. / PVT AIRPORTS",2016,JUNE,0,,,AUTO-ADDED
2616,"INTERNATIONAL PASSENGERS","(F) OTHER AIRPORTS",2016,JUNE,0,,,AUTO-ADDED
1816,"DOMESTIC PASSENGERS",MUNDRA,2016,JUNE,0,,,AUTO-ADDED
45,"INTERNATIONAL PASSENGERS",CHENNAI,2016,JUNE,439719,MAA,VOMM,"18 INTERNATIONAL AIRPORTS"
46,"INTERNATIONAL PASSENGERS",KOLKATA,2016,JUNE,172067,CCU,VECC,"18 INTERNATIONAL AIRPORTS"
47,"INTERNATIONAL PASSENGERS",AHMEDABAD,2016,JUNE,141673,AMD,VAAH,"18 INTERNATIONAL AIRPORTS"
48,"INTERNATIONAL PASSENGERS",GOA,2016,JUNE,22967,GOI,VOGO,"18 INTERNATIONAL AIRPORTS"
49,"INTERNATIONAL PASSENGERS",LUCKNOW,2016,JUNE,53559,LKO,VILK,"18 INTERNATIONAL AIRPORTS"
50,"INTERNATIONAL PASSENGERS",TRIVANDRUM,2016,JUNE,180275,TRV,VOTV,"18 INTERNATIONAL AIRPORTS"
51,"INTERNATIONAL PASSENGERS",GUWAHATI,2016,JUNE,2099,GAU,VEGT,"18 INTERNATIONAL AIRPORTS"
52,"INTERNATIONAL PASSENGERS",JAIPUR,2016,JUNE,29125,JAI,VIJP,"18 INTERNATIONAL AIRPORTS"
53,"INTERNATIONAL PASSENGERS",CALICUT,2016,JUNE,164837,CCJ,VOCL,"18 INTERNATIONAL AIRPORTS"
54,"INTERNATIONAL PASSENGERS",BHUBANESWAR,2016,JUNE,2542,BBI,VEBS,"18 INTERNATIONAL AIRPORTS"
55,"INTERNATIONAL PASSENGERS",COIMBATORE,2016,JUNE,11378,CJB,VOCB,"18 INTERNATIONAL AIRPORTS"
56,"INTERNATIONAL PASSENGERS",SRINAGAR,2016,JUNE,0,SXR,VISR,"18 INTERNATIONAL AIRPORTS"
57,"INTERNATIONAL PASSENGERS",VARANASI,2016,JUNE,3797,VNS,VIBN,"18 INTERNATIONAL AIRPORTS"
58,"INTERNATIONAL PASSENGERS",MANGALORE,2016,JUNE,50413,IXE,VOML,"18 INTERNATIONAL AIRPORTS"
59,"INTERNATIONAL PASSENGERS",AMRITSAR,2016,JUNE,39582,ATQ,VIAR,"18 INTERNATIONAL AIRPORTS"
60,"INTERNATIONAL PASSENGERS",TRICHY,2016,JUNE,98960,TRZ,VOTR,"18 INTERNATIONAL AIRPORTS"
61,"INTERNATIONAL PASSENGERS",PORTBLAIR,2016,JUNE,141,IXZ,VOPB,"18 INTERNATIONAL AIRPORTS"
62,"INTERNATIONAL PASSENGERS",IMPHAL,2016,JUNE,0,IMF,VEIM,"18 INTERNATIONAL AIRPORTS"
63,"INTERNATIONAL PASSENGERS","DELHI (DIAL)",2016,JUNE,1223699,DEL,VIDP,"6 JV INTERNATIONAL AIRPORTS"
64,"INTERNATIONAL PASSENGERS","MUMBAI (MIAL)",2016,JUNE,990988,BOM,VABB,"6 JV INTERNATIONAL AIRPORTS"
65,"INTERNATIONAL PASSENGERS",AURANGABAD,2016,JUNE,0,IXU,VAAU,"8 CUSTOM AIRPORTS"
66,"INTERNATIONAL PASSENGERS",GAYA,2016,JUNE,952,GAY,VEGY,"8 CUSTOM AIRPORTS"
111,"DOMESTIC PASSENGERS",CHENNAI,2016,JUNE,1003191,MAA,VOMM,"18 INTERNATIONAL AIRPORTS"
112,"DOMESTIC PASSENGERS",KOLKATA,2016,JUNE,975423,CCU,VECC,"18 INTERNATIONAL AIRPORTS"
113,"DOMESTIC PASSENGERS",AHMEDABAD,2016,JUNE,395867,AMD,VAAH,"18 INTERNATIONAL AIRPORTS"
114,"DOMESTIC PASSENGERS",GOA,2016,JUNE,439243,GOI,VOGO,"18 INTERNATIONAL AIRPORTS"
115,"DOMESTIC PASSENGERS",LUCKNOW,2016,JUNE,248717,LKO,VILK,"18 INTERNATIONAL AIRPORTS"
116,"DOMESTIC PASSENGERS",TRIVANDRUM,2016,JUNE,121907,TRV,VOTV,"18 INTERNATIONAL AIRPORTS"
117,"DOMESTIC PASSENGERS",GUWAHATI,2016,JUNE,269505,GAU,VEGT,"18 INTERNATIONAL AIRPORTS"
118,"DOMESTIC PASSENGERS",JAIPUR,2016,JUNE,241240,JAI,VIJP,"18 INTERNATIONAL AIRPORTS"
119,"DOMESTIC PASSENGERS",CALICUT,2016,JUNE,33520,CCJ,VOCL,"18 INTERNATIONAL AIRPORTS"
120,"DOMESTIC PASSENGERS",BHUBANESWAR,2016,JUNE,157959,BBI,VEBS,"18 INTERNATIONAL AIRPORTS"
121,"DOMESTIC PASSENGERS",COIMBATORE,2016,JUNE,152670,CJB,VOCB,"18 INTERNATIONAL AIRPORTS"
122,"DOMESTIC PASSENGERS",SRINAGAR,2016,JUNE,264253,SXR,VISR,"18 INTERNATIONAL AIRPORTS"
123,"DOMESTIC PASSENGERS",VARANASI,2016,JUNE,127980,VNS,VIBN,"18 INTERNATIONAL AIRPORTS"
124,"DOMESTIC PASSENGERS",MANGALORE,2016,JUNE,79721,IXE,VOML,"18 INTERNATIONAL AIRPORTS"
125,"DOMESTIC PASSENGERS",AMRITSAR,2016,JUNE,72987,ATQ,VIAR,"18 INTERNATIONAL AIRPORTS"
126,"DOMESTIC PASSENGERS",TRICHY,2016,JUNE,15810,TRZ,VOTR,"18 INTERNATIONAL AIRPORTS"
127,"DOMESTIC PASSENGERS",PORTBLAIR,2016,JUNE,87393,IXZ,VOPB,"18 INTERNATIONAL AIRPORTS"
128,"DOMESTIC PASSENGERS",IMPHAL,2016,JUNE,73284,IMF,VEIM,"18 INTERNATIONAL AIRPORTS"
129,"DOMESTIC PASSENGERS","DELHI (DIAL)",2016,JUNE,3347942,DEL,VIDP,"6 JV INTERNATIONAL AIRPORTS"
130,"DOMESTIC PASSENGERS","MUMBAI (MIAL)",2016,JUNE,2550670,BOM,VABB,"6 JV INTERNATIONAL AIRPORTS"
131,"DOMESTIC PASSENGERS",AURANGABAD,2016,JUNE,26506,IXU,VAAU,"8 CUSTOM AIRPORTS"
132,"DOMESTIC PASSENGERS",GAYA,2016,JUNE,4808,GAY,VEGY,"8 CUSTOM AIRPORTS"
155,"INTERNATIONAL PASSENGERS",CHENNAI,2016,JULY,458842,MAA,VOMM,"18 INTERNATIONAL AIRPORTS"
156,"INTERNATIONAL PASSENGERS",KOLKATA,2016,JULY,170105,CCU,VECC,"18 INTERNATIONAL AIRPORTS"
157,"INTERNATIONAL PASSENGERS",AHMEDABAD,2016,JULY,142467,AMD,VAAH,"18 INTERNATIONAL AIRPORTS"
158,"INTERNATIONAL PASSENGERS",GOA,2016,JULY,24826,GOI,VOGO,"18 INTERNATIONAL AIRPORTS"
159,"INTERNATIONAL PASSENGERS",LUCKNOW,2016,JULY,49005,LKO,VILK,"18 INTERNATIONAL AIRPORTS"
160,"INTERNATIONAL PASSENGERS",TRIVANDRUM,2016,JULY,196063,TRV,VOTV,"18 INTERNATIONAL AIRPORTS"
161,"INTERNATIONAL PASSENGERS",GUWAHATI,2016,JULY,2200,GAU,VEGT,"18 INTERNATIONAL AIRPORTS"
162,"INTERNATIONAL PASSENGERS",JAIPUR,2016,JULY,31163,JAI,VIJP,"18 INTERNATIONAL AIRPORTS"
163,"INTERNATIONAL PASSENGERS",CALICUT,2016,JULY,186617,CCJ,VOCL,"18 INTERNATIONAL AIRPORTS"
164,"INTERNATIONAL PASSENGERS",BHUBANESWAR,2016,JULY,2711,BBI,VEBS,"18 INTERNATIONAL AIRPORTS"
165,"INTERNATIONAL PASSENGERS",COIMBATORE,2016,JULY,12250,CJB,VOCB,"18 INTERNATIONAL AIRPORTS"
166,"INTERNATIONAL PASSENGERS",SRINAGAR,2016,JULY,0,SXR,VISR,"18 INTERNATIONAL AIRPORTS"
167,"INTERNATIONAL PASSENGERS",VARANASI,2016,JULY,3540,VNS,VIBN,"18 INTERNATIONAL AIRPORTS"
168,"INTERNATIONAL PASSENGERS",MANGALORE,2016,JULY,59111,IXE,VOML,"18 INTERNATIONAL AIRPORTS"
169,"INTERNATIONAL PASSENGERS",AMRITSAR,2016,JULY,44781,ATQ,VIAR,"18 INTERNATIONAL AIRPORTS"
170,"INTERNATIONAL PASSENGERS",TRICHY,2016,JULY,99881,TRZ,VOTR,"18 INTERNATIONAL AIRPORTS"
171,"INTERNATIONAL PASSENGERS",PORTBLAIR,2016,JULY,0,IXZ,VOPB,"18 INTERNATIONAL AIRPORTS"
172,"INTERNATIONAL PASSENGERS",IMPHAL,2016,JULY,0,IMF,VEIM,"18 INTERNATIONAL AIRPORTS"
173,"INTERNATIONAL PASSENGERS","DELHI (DIAL)",2016,JULY,1223977,DEL,VIDP,"6 JV INTERNATIONAL AIRPORTS"
174,"INTERNATIONAL PASSENGERS","MUMBAI (MIAL)",2016,JULY,1043167,BOM,VABB,"6 JV INTERNATIONAL AIRPORTS"
175,"INTERNATIONAL PASSENGERS",AURANGABAD,2016,JULY,0,IXU,VAAU,"8 CUSTOM AIRPORTS"
176,"INTERNATIONAL PASSENGERS",GAYA,2016,JULY,377,GAY,VEGY,"8 CUSTOM AIRPORTS"
199,"DOMESTIC PASSENGERS",CHENNAI,2016,JULY,1119084,MAA,VOMM,"18 INTERNATIONAL AIRPORTS"
200,"DOMESTIC PASSENGERS",KOLKATA,2016,JULY,1057477,CCU,VECC,"18 INTERNATIONAL AIRPORTS"
201,"DOMESTIC PASSENGERS",AHMEDABAD,2016,JULY,436470,AMD,VAAH,"18 INTERNATIONAL AIRPORTS"
202,"DOMESTIC PASSENGERS",GOA,2016,JULY,463183,GOI,VOGO,"18 INTERNATIONAL AIRPORTS"
203,"DOMESTIC PASSENGERS",LUCKNOW,2016,JULY,264440,LKO,VILK,"18 INTERNATIONAL AIRPORTS"
204,"DOMESTIC PASSENGERS",TRIVANDRUM,2016,JULY,132070,TRV,VOTV,"18 INTERNATIONAL AIRPORTS"
205,"DOMESTIC PASSENGERS",GUWAHATI,2016,JULY,293220,GAU,VEGT,"18 INTERNATIONAL AIRPORTS"
206,"DOMESTIC PASSENGERS",JAIPUR,2016,JULY,280589,JAI,VIJP,"18 INTERNATIONAL AIRPORTS"
207,"DOMESTIC PASSENGERS",CALICUT,2016,JULY,37499,CCJ,VOCL,"18 INTERNATIONAL AIRPORTS"
208,"DOMESTIC PASSENGERS",BHUBANESWAR,2016,JULY,157055,BBI,VEBS,"18 INTERNATIONAL AIRPORTS"
209,"DOMESTIC PASSENGERS",COIMBATORE,2016,JULY,168216,CJB,VOCB,"18 INTERNATIONAL AIRPORTS"
210,"DOMESTIC PASSENGERS",SRINAGAR,2016,JULY,209935,SXR,VISR,"18 INTERNATIONAL AIRPORTS"
211,"DOMESTIC PASSENGERS",VARANASI,2016,JULY,140164,VNS,VIBN,"18 INTERNATIONAL AIRPORTS"
212,"DOMESTIC PASSENGERS",MANGALORE,2016,JULY,90678,IXE,VOML,"18 INTERNATIONAL AIRPORTS"
213,"DOMESTIC PASSENGERS",AMRITSAR,2016,JULY,80814,ATQ,VIAR,"18 INTERNATIONAL AIRPORTS"
214,"DOMESTIC PASSENGERS",TRICHY,2016,JULY,15865,TRZ,VOTR,"18 INTERNATIONAL AIRPORTS"
215,"DOMESTIC PASSENGERS",PORTBLAIR,2016,JULY,70557,IXZ,VOPB,"18 INTERNATIONAL AIRPORTS"
216,"DOMESTIC PASSENGERS",IMPHAL,2016,JULY,71444,IMF,VEIM,"18 INTERNATIONAL AIRPORTS"
217,"DOMESTIC PASSENGERS","DELHI (DIAL)",2016,JULY,3477225,DEL,VIDP,"6 JV INTERNATIONAL AIRPORTS"
218,"DOMESTIC PASSENGERS","MUMBAI (MIAL)",2016,JULY,2765306,BOM,VABB,"6 JV INTERNATIONAL AIRPORTS"
219,"DOMESTIC PASSENGERS",AURANGABAD,2016,JULY,27552,IXU,VAAU,"8 CUSTOM AIRPORTS"
220,"DOMESTIC PASSENGERS",GAYA,2016,JULY,5214,GAY,VEGY,"8 CUSTOM AIRPORTS"
2444,"DOMESTIC PASSENGERS","OTHER AIRPORTS",2016,JULY,0,,,AUTO-ADDED
1827,"INTERNATIONAL PASSENGERS",BANGALORE,2016,JULY,307179,BLR,VOBL,"6 JV INTERNATIONAL AIRPORTS"
1828,"INTERNATIONAL PASSENGERS",HYDERABAD,2016,JULY,289710,HYD,VOHS,"6 JV INTERNATIONAL AIRPORTS"
1829,"INTERNATIONAL PASSENGERS",COCHIN,2016,JULY,441226,COK,VOCI,"6 JV INTERNATIONAL AIRPORTS"
1830,"INTERNATIONAL PASSENGERS",NAGPUR,2016,JULY,9481,NAG,VANP,"6 JV INTERNATIONAL AIRPORTS"
1831,"INTERNATIONAL PASSENGERS",PUNE,2016,JULY,21342,,,AUTO-ADDED
1832,"INTERNATIONAL PASSENGERS",VISAKHAPATNAM,2016,JULY,6961,,,AUTO-ADDED
1833,"INTERNATIONAL PASSENGERS",PATNA,2016,JULY,0,,,AUTO-ADDED
1834,"INTERNATIONAL PASSENGERS","CHANDIGARH  (JV AIRPORT",2016,JULY,0,,,AUTO-ADDED
1835,"INTERNATIONAL PASSENGERS",BAGDOGRA,2016,JULY,2194,,,AUTO-ADDED
1836,"INTERNATIONAL PASSENGERS",MADURAI,2016,JULY,23553,,,AUTO-ADDED
1901,"DOMESTIC PASSENGERS",BANGALORE,2016,JULY,1617371,BLR,VOBL,"6 JV INTERNATIONAL AIRPORTS"
1902,"DOMESTIC PASSENGERS",HYDERABAD,2016,JULY,954681,HYD,VOHS,"6 JV INTERNATIONAL AIRPORTS"
1903,"DOMESTIC PASSENGERS",COCHIN,2016,JULY,315940,COK,VOCI,"6 JV INTERNATIONAL AIRPORTS"
1904,"DOMESTIC PASSENGERS",NAGPUR,2016,JULY,139719,NAG,VANP,"6 JV INTERNATIONAL AIRPORTS"
1905,"DOMESTIC PASSENGERS",PUNE,2016,JULY,536124,,,AUTO-ADDED
1906,"DOMESTIC PASSENGERS",VISAKHAPATNAM,2016,JULY,181743,,,AUTO-ADDED
1907,"DOMESTIC PASSENGERS",PATNA,2016,JULY,165692,,,AUTO-ADDED
1908,"DOMESTIC PASSENGERS","CHANDIGARH  (JV AIRPORT",2016,JULY,144980,,,AUTO-ADDED
1909,"DOMESTIC PASSENGERS",BAGDOGRA,2016,JULY,105735,,,AUTO-ADDED
1910,"DOMESTIC PASSENGERS",MADURAI,2016,JULY,59749,,,AUTO-ADDED
1911,"DOMESTIC PASSENGERS",INDORE,2016,JULY,134979,,,AUTO-ADDED
1912,"DOMESTIC PASSENGERS",RAIPUR,2016,JULY,111409,,,AUTO-ADDED
1913,"DOMESTIC PASSENGERS",AGARTALA,2016,JULY,96307,,,AUTO-ADDED
1914,"DOMESTIC PASSENGERS",JAMMU,2016,JULY,87392,,,AUTO-ADDED
1915,"DOMESTIC PASSENGERS",VADODARA,2016,JULY,93954,,,AUTO-ADDED
1916,"DOMESTIC PASSENGERS",UDAIPUR,2016,JULY,81274,,,AUTO-ADDED
1917,"DOMESTIC PASSENGERS",RANCHI,2016,JULY,75457,,,AUTO-ADDED
1918,"DOMESTIC PASSENGERS",DEHRADUN,2016,JULY,65340,,,AUTO-ADDED
1919,"DOMESTIC PASSENGERS",BHOPAL,2016,JULY,61309,,,AUTO-ADDED
1920,"DOMESTIC PASSENGERS",VIJAYAWADA,2016,JULY,52263,,,AUTO-ADDED
1921,"DOMESTIC PASSENGERS",LEH,2016,JULY,64929,,,AUTO-ADDED
1922,"DOMESTIC PASSENGERS",TIRUPATI,2016,JULY,45430,,,AUTO-ADDED
1923,"DOMESTIC PASSENGERS",RAJKOT,2016,JULY,33486,,,AUTO-ADDED
1924,"DOMESTIC PASSENGERS",JODHPUR,2016,JULY,25263,,,AUTO-ADDED
1925,"DOMESTIC PASSENGERS",DIBRUGARH,2016,JULY,26693,,,AUTO-ADDED
1926,"DOMESTIC PASSENGERS",RAJAHMUNDRY,2016,JULY,17553,,,AUTO-ADDED
1927,"DOMESTIC PASSENGERS",SILCHAR,2016,JULY,13832,,,AUTO-ADDED
1928,"DOMESTIC PASSENGERS",SURAT,2016,JULY,13850,,,AUTO-ADDED
1929,"DOMESTIC PASSENGERS",BHUJ,2016,JULY,14064,,,AUTO-ADDED
1930,"DOMESTIC PASSENGERS",JUHU,2016,JULY,14322,,,AUTO-ADDED
1931,"DOMESTIC PASSENGERS",JABALPUR,2016,JULY,13446,,,AUTO-ADDED
1932,"DOMESTIC PASSENGERS",DIMAPUR,2016,JULY,12389,,,AUTO-ADDED
1933,"DOMESTIC PASSENGERS",GUGGAL,2016,JULY,9659,,,AUTO-ADDED
1934,"DOMESTIC PASSENGERS",TUTICORIN,2016,JULY,8447,,,AUTO-ADDED
1935,"DOMESTIC PASSENGERS",BELGAUM,2016,JULY,8379,,,AUTO-ADDED
1936,"DOMESTIC PASSENGERS",JAMNAGAR,2016,JULY,8420,,,AUTO-ADDED
1937,"DOMESTIC PASSENGERS",KHAJURAHO,2016,JULY,2131,,,AUTO-ADDED
1938,"DOMESTIC PASSENGERS",JORHAT,2016,JULY,4241,,,AUTO-ADDED
1939,"DOMESTIC PASSENGERS",GORKHPUR,2016,JULY,2867,,,AUTO-ADDED
1940,"DOMESTIC PASSENGERS",ALLAHABAD,2016,JULY,3659,,,AUTO-ADDED
1941,"DOMESTIC PASSENGERS",AGATTI,2016,JULY,2040,,,AUTO-ADDED
1942,"DOMESTIC PASSENGERS",HUBLI,2016,JULY,2847,,,AUTO-ADDED
1943,"DOMESTIC PASSENGERS",BHUNTAR,2016,JULY,2102,,,AUTO-ADDED
1944,"DOMESTIC PASSENGERS",BHAVNAGAR,2016,JULY,486,,,AUTO-ADDED
1945,"DOMESTIC PASSENGERS",DIU,2016,JULY,1195,,,AUTO-ADDED
1946,"DOMESTIC PASSENGERS",GWALIOR,2016,JULY,1539,,,AUTO-ADDED
1947,"DOMESTIC PASSENGERS",BARAPANI,2016,JULY,976,,,AUTO-ADDED
1948,"DOMESTIC PASSENGERS",PANTNAGAR,2016,JULY,864,,,AUTO-ADDED
1949,"DOMESTIC PASSENGERS",LAKHIMPUR,2016,JULY,918,,,AUTO-ADDED
1950,"DOMESTIC PASSENGERS",AGRA,2016,JULY,78,,,AUTO-ADDED
1951,"DOMESTIC PASSENGERS",TEZPUR,2016,JULY,786,,,AUTO-ADDED
1952,"DOMESTIC PASSENGERS",BHATINDA,2016,JULY,0,,,AUTO-ADDED
1953,"DOMESTIC PASSENGERS",PORBANDAR,2016,JULY,187,,,AUTO-ADDED
1954,"DOMESTIC PASSENGERS",KANPUR,2016,JULY,10,,,AUTO-ADDED
1955,"DOMESTIC PASSENGERS",CUDDAPAH,2016,JULY,206,,,AUTO-ADDED
1956,"DOMESTIC PASSENGERS",BIKANER,2016,JULY,0,,,AUTO-ADDED
1957,"DOMESTIC PASSENGERS",JAISALMER,2016,JULY,0,,,AUTO-ADDED
1958,"DOMESTIC PASSENGERS",LUDHIANA,2016,JULY,28,,,AUTO-ADDED
1959,"DOMESTIC PASSENGERS",KOLHAPUR,2016,JULY,0,,,AUTO-ADDED
1960,"DOMESTIC PASSENGERS",SHIMLA,2016,JULY,2,,,AUTO-ADDED
1961,"DOMESTIC PASSENGERS",LENGPUI,2016,JULY,16768,,,AUTO-ADDED
1962,"DOMESTIC PASSENGERS",DURGAPUR,2016,JULY,0,,,AUTO-ADDED
1963,"DOMESTIC PASSENGERS",NANDED,2016,JULY,0,,,AUTO-ADDED
1964,"DOMESTIC PASSENGERS",MUNDRA,2016,JULY,0,,,AUTO-ADDED
2620,"INTERNATIONAL PASSENGERS","(D) 48 DOMESTIC AIRPORTS",2016,JULY,0,,,AUTO-ADDED
2621,"INTERNATIONAL PASSENGERS","(E) STATE GOVT. / PVT AIRPORTS",2016,JULY,0,,,AUTO-ADDED
2622,"INTERNATIONAL PASSENGERS","(F) OTHER AIRPORTS",2016,JULY,0,,,AUTO-ADDED
2590,"INTERNATIONAL PASSENGERS","(D) 48 DOMESTIC AIRPORTS",2016,January,176,,,AUTO-ADDED
2591,"INTERNATIONAL PASSENGERS","(E) STATE GOVT. / PVT AIRPORTS",2016,January,0,,,AUTO-ADDED
2592,"INTERNATIONAL PASSENGERS","(F) OTHER AIRPORTS",2016,January,0,,,AUTO-ADDED
793,"INTERNATIONAL PASSENGERS",CHENNAI,2016,January,458063,MAA,VOMM,"18 INTERNATIONAL AIRPORTS"
794,"INTERNATIONAL PASSENGERS",KOLKATA,2016,January,187329,CCU,VECC,"18 INTERNATIONAL AIRPORTS"
795,"INTERNATIONAL PASSENGERS",AHMEDABAD,2016,January,158362,AMD,VAAH,"18 INTERNATIONAL AIRPORTS"
796,"INTERNATIONAL PASSENGERS",GOA,2016,January,108941,GOI,VOGO,"18 INTERNATIONAL AIRPORTS"
797,"INTERNATIONAL PASSENGERS",TRIVANDRUM,2016,January,206814,TRV,VOTV,"18 INTERNATIONAL AIRPORTS"
798,"INTERNATIONAL PASSENGERS",LUCKNOW,2016,January,57767,LKO,VILK,"18 INTERNATIONAL AIRPORTS"
799,"INTERNATIONAL PASSENGERS",JAIPUR,2016,January,33905,JAI,VIJP,"18 INTERNATIONAL AIRPORTS"
800,"INTERNATIONAL PASSENGERS",GUWAHATI,2016,January,1895,GAU,VEGT,"18 INTERNATIONAL AIRPORTS"
801,"INTERNATIONAL PASSENGERS",SRINAGAR,2016,January,0,SXR,VISR,"18 INTERNATIONAL AIRPORTS"
802,"INTERNATIONAL PASSENGERS",CALICUT,2016,January,168567,CCJ,VOCL,"18 INTERNATIONAL AIRPORTS"
803,"INTERNATIONAL PASSENGERS",BHUBANESWAR,2016,January,2251,BBI,VEBS,"18 INTERNATIONAL AIRPORTS"
804,"INTERNATIONAL PASSENGERS",COIMBATORE,2016,January,12604,CJB,VOCB,"18 INTERNATIONAL AIRPORTS"
805,"INTERNATIONAL PASSENGERS",MANGALORE,2016,January,57864,IXE,VOML,"18 INTERNATIONAL AIRPORTS"
806,"INTERNATIONAL PASSENGERS",VARANASI,2016,January,7541,VNS,VIBN,"18 INTERNATIONAL AIRPORTS"
807,"INTERNATIONAL PASSENGERS",TRICHY,2016,January,106005,TRZ,VOTR,"18 INTERNATIONAL AIRPORTS"
808,"INTERNATIONAL PASSENGERS",AMRITSAR,2016,January,40019,ATQ,VIAR,"18 INTERNATIONAL AIRPORTS"
809,"INTERNATIONAL PASSENGERS",PORTBLAIR,2016,January,12,IXZ,VOPB,"18 INTERNATIONAL AIRPORTS"
810,"INTERNATIONAL PASSENGERS",IMPHAL,2016,January,0,IMF,VEIM,"18 INTERNATIONAL AIRPORTS"
811,"INTERNATIONAL PASSENGERS","DELHI (DIAL)",2016,January,1317900,DEL,VIDP,"6 JV INTERNATIONAL AIRPORTS"
812,"INTERNATIONAL PASSENGERS","MUMBAI (MIAL)",2016,January,1070755,BOM,VABB,"6 JV INTERNATIONAL AIRPORTS"
813,"INTERNATIONAL PASSENGERS",BANGALORE,2016,January,315662,BLR,VOBL,"6 JV INTERNATIONAL AIRPORTS"
814,"INTERNATIONAL PASSENGERS",HYDERABAD,2016,January,287301,HYD,VOHS,"6 JV INTERNATIONAL AIRPORTS"
815,"INTERNATIONAL PASSENGERS",COCHIN,2016,January,441404,COK,VOCI,"6 JV INTERNATIONAL AIRPORTS"
816,"INTERNATIONAL PASSENGERS",NAGPUR,2016,January,10535,NAG,VANP,"6 JV INTERNATIONAL AIRPORTS"
817,"INTERNATIONAL PASSENGERS",CHANDIGARH,2016,January,0,IXC,VICG,"8 CUSTOM AIRPORTS"
818,"INTERNATIONAL PASSENGERS",PUNE,2016,January,20788,,,AUTO-ADDED
819,"INTERNATIONAL PASSENGERS",VISAKHAPATNAM,2016,January,12773,,,AUTO-ADDED
820,"INTERNATIONAL PASSENGERS",PATNA,2016,January,0,,,AUTO-ADDED
821,"INTERNATIONAL PASSENGERS",BAGDOGRA,2016,January,2849,,,AUTO-ADDED
822,"INTERNATIONAL PASSENGERS",MADURAI,2016,January,24041,,,AUTO-ADDED
823,"INTERNATIONAL PASSENGERS",AURANGABAD,2016,January,0,IXU,VAAU,"8 CUSTOM AIRPORTS"
824,"INTERNATIONAL PASSENGERS",GAYA,2016,January,11377,GAY,VEGY,"8 CUSTOM AIRPORTS"
825,"DOMESTIC PASSENGERS",CHENNAI,2016,January,937924,MAA,VOMM,"18 INTERNATIONAL AIRPORTS"
826,"DOMESTIC PASSENGERS",KOLKATA,2016,January,969771,CCU,VECC,"18 INTERNATIONAL AIRPORTS"
827,"DOMESTIC PASSENGERS",AHMEDABAD,2016,January,471780,AMD,VAAH,"18 INTERNATIONAL AIRPORTS"
828,"DOMESTIC PASSENGERS",GOA,2016,January,482114,GOI,VOGO,"18 INTERNATIONAL AIRPORTS"
829,"DOMESTIC PASSENGERS",TRIVANDRUM,2016,January,113330,TRV,VOTV,"18 INTERNATIONAL AIRPORTS"
830,"DOMESTIC PASSENGERS",LUCKNOW,2016,January,209789,LKO,VILK,"18 INTERNATIONAL AIRPORTS"
831,"DOMESTIC PASSENGERS",JAIPUR,2016,January,223830,JAI,VIJP,"18 INTERNATIONAL AIRPORTS"
832,"DOMESTIC PASSENGERS",GUWAHATI,2016,January,241637,GAU,VEGT,"18 INTERNATIONAL AIRPORTS"
833,"DOMESTIC PASSENGERS",SRINAGAR,2016,January,163964,SXR,VISR,"18 INTERNATIONAL AIRPORTS"
834,"DOMESTIC PASSENGERS",CALICUT,2016,January,33897,CCJ,VOCL,"18 INTERNATIONAL AIRPORTS"
835,"DOMESTIC PASSENGERS",BHUBANESWAR,2016,January,180407,BBI,VEBS,"18 INTERNATIONAL AIRPORTS"
836,"DOMESTIC PASSENGERS",COIMBATORE,2016,January,136655,CJB,VOCB,"18 INTERNATIONAL AIRPORTS"
837,"DOMESTIC PASSENGERS",MANGALORE,2016,January,87200,IXE,VOML,"18 INTERNATIONAL AIRPORTS"
838,"DOMESTIC PASSENGERS",VARANASI,2016,January,132214,VNS,VIBN,"18 INTERNATIONAL AIRPORTS"
839,"DOMESTIC PASSENGERS",TRICHY,2016,January,13028,TRZ,VOTR,"18 INTERNATIONAL AIRPORTS"
840,"DOMESTIC PASSENGERS",AMRITSAR,2016,January,81174,ATQ,VIAR,"18 INTERNATIONAL AIRPORTS"
841,"DOMESTIC PASSENGERS",PORTBLAIR,2016,January,83127,IXZ,VOPB,"18 INTERNATIONAL AIRPORTS"
842,"DOMESTIC PASSENGERS",IMPHAL,2016,January,68722,IMF,VEIM,"18 INTERNATIONAL AIRPORTS"
843,"DOMESTIC PASSENGERS","DELHI (DIAL)",2016,January,2977333,DEL,VIDP,"6 JV INTERNATIONAL AIRPORTS"
844,"DOMESTIC PASSENGERS","MUMBAI (MIAL)",2016,January,2689319,BOM,VABB,"6 JV INTERNATIONAL AIRPORTS"
845,"DOMESTIC PASSENGERS",BANGALORE,2016,January,1365078,BLR,VOBL,"6 JV INTERNATIONAL AIRPORTS"
846,"DOMESTIC PASSENGERS",HYDERABAD,2016,January,830614,HYD,VOHS,"6 JV INTERNATIONAL AIRPORTS"
847,"DOMESTIC PASSENGERS",COCHIN,2016,January,293945,COK,VOCI,"6 JV INTERNATIONAL AIRPORTS"
848,"DOMESTIC PASSENGERS",NAGPUR,2016,January,138082,NAG,VANP,"6 JV INTERNATIONAL AIRPORTS"
849,"DOMESTIC PASSENGERS",CHANDIGARH,2016,January,101346,IXC,VICG,"8 CUSTOM AIRPORTS"
850,"DOMESTIC PASSENGERS",PUNE,2016,January,456906,,,AUTO-ADDED
851,"DOMESTIC PASSENGERS",VISAKHAPATNAM,2016,January,163016,,,AUTO-ADDED
852,"DOMESTIC PASSENGERS",PATNA,2016,January,126347,,,AUTO-ADDED
853,"DOMESTIC PASSENGERS",BAGDOGRA,2016,January,88657,,,AUTO-ADDED
854,"DOMESTIC PASSENGERS",MADURAI,2016,January,60202,,,AUTO-ADDED
855,"DOMESTIC PASSENGERS",AURANGABAD,2016,January,27176,IXU,VAAU,"8 CUSTOM AIRPORTS"
856,"DOMESTIC PASSENGERS",GAYA,2016,January,6668,GAY,VEGY,"8 CUSTOM AIRPORTS"
857,"DOMESTIC PASSENGERS",INDORE,2016,January,149848,,,AUTO-ADDED
858,"DOMESTIC PASSENGERS",RAIPUR,2016,January,109067,,,AUTO-ADDED
859,"DOMESTIC PASSENGERS",JAMMU,2016,January,92146,,,AUTO-ADDED
860,"DOMESTIC PASSENGERS",VADODARA,2016,January,87900,,,AUTO-ADDED
861,"DOMESTIC PASSENGERS",AGARTALA,2016,January,85437,,,AUTO-ADDED
862,"DOMESTIC PASSENGERS",RANCHI,2016,January,66618,,,AUTO-ADDED
863,"DOMESTIC PASSENGERS",UDAIPUR,2016,January,85871,,,AUTO-ADDED
864,"DOMESTIC PASSENGERS",BHOPAL,2016,January,58426,,,AUTO-ADDED
865,"DOMESTIC PASSENGERS",DEHRADUN,2016,January,34736,,,AUTO-ADDED
866,"DOMESTIC PASSENGERS",RAJKOT,2016,January,38118,,,AUTO-ADDED
867,"DOMESTIC PASSENGERS",LEH,2016,January,23376,,,AUTO-ADDED
868,"DOMESTIC PASSENGERS",VIJAYAWADA,2016,January,39692,,,AUTO-ADDED
869,"DOMESTIC PASSENGERS",TIRUPATI,2016,January,33837,,,AUTO-ADDED
870,"DOMESTIC PASSENGERS",DIBRUGARH,2016,January,26911,,,AUTO-ADDED
871,"DOMESTIC PASSENGERS",JODHPUR,2016,January,27154,,,AUTO-ADDED
872,"DOMESTIC PASSENGERS",RAJAHMUNDRY,2016,January,20318,,,AUTO-ADDED
873,"DOMESTIC PASSENGERS",SILCHAR,2016,January,16960,,,AUTO-ADDED
874,"DOMESTIC PASSENGERS",JUHU,2016,January,16048,,,AUTO-ADDED
875,"DOMESTIC PASSENGERS",JABALPUR,2016,January,1166,,,AUTO-ADDED
876,"DOMESTIC PASSENGERS",BHUJ,2016,January,13356,,,AUTO-ADDED
877,"DOMESTIC PASSENGERS",BELGAUM,2016,January,8410,,,AUTO-ADDED
878,"DOMESTIC PASSENGERS",DIMAPUR,2016,January,10790,,,AUTO-ADDED
879,"DOMESTIC PASSENGERS",SURAT,2016,January,12035,,,AUTO-ADDED
880,"DOMESTIC PASSENGERS",TUTICORIN,2016,January,8126,,,AUTO-ADDED
881,"DOMESTIC PASSENGERS",JAMNAGAR,2016,January,8273,,,AUTO-ADDED
882,"DOMESTIC PASSENGERS",GUGGAL,2016,January,6080,,,AUTO-ADDED
883,"DOMESTIC PASSENGERS",KHAJURAHO,2016,January,8660,,,AUTO-ADDED
884,"DOMESTIC PASSENGERS",ALLAHABAD,2016,January,3241,,,AUTO-ADDED
885,"DOMESTIC PASSENGERS",JORHAT,2016,January,4578,,,AUTO-ADDED
886,"DOMESTIC PASSENGERS",BHAVNAGAR,2016,January,3625,,,AUTO-ADDED
887,"DOMESTIC PASSENGERS",HUBLI,2016,January,4651,,,AUTO-ADDED
888,"DOMESTIC PASSENGERS",AGATTI,2016,January,2660,,,AUTO-ADDED
889,"DOMESTIC PASSENGERS",BHUNTAR,2016,January,2032,,,AUTO-ADDED
890,"DOMESTIC PASSENGERS",PORBANDAR,2016,January,1766,,,AUTO-ADDED
891,"DOMESTIC PASSENGERS",BARAPANI,2016,January,292,,,AUTO-ADDED
892,"DOMESTIC PASSENGERS",GORKHPUR,2016,January,455,,,AUTO-ADDED
893,"DOMESTIC PASSENGERS",AGRA,2016,January,1547,,,AUTO-ADDED
894,"DOMESTIC PASSENGERS",GWALIOR,2016,January,1227,,,AUTO-ADDED
895,"DOMESTIC PASSENGERS",PANTNAGAR,2016,January,378,,,AUTO-ADDED
896,"DOMESTIC PASSENGERS",LAKHIMPUR,2016,January,141,,,AUTO-ADDED
897,"DOMESTIC PASSENGERS",PONDICHERRY,2016,January,0,,,AUTO-ADDED
898,"DOMESTIC PASSENGERS",TEZPUR,2016,January,0,,,AUTO-ADDED
899,"DOMESTIC PASSENGERS",CUDDAPAH,2016,January,0,,,AUTO-ADDED
900,"DOMESTIC PASSENGERS",MYSORE,2016,January,0,,,AUTO-ADDED
901,"DOMESTIC PASSENGERS",KANPUR,2016,January,4,,,AUTO-ADDED
902,"DOMESTIC PASSENGERS",LENGPUI,2016,January,14863,,,AUTO-ADDED
903,"DOMESTIC PASSENGERS",DIU,2016,January,3151,,,AUTO-ADDED
904,"DOMESTIC PASSENGERS",DURGAPUR,2016,January,1400,,,AUTO-ADDED
905,"DOMESTIC PASSENGERS",NANDED,2016,January,0,,,AUTO-ADDED
906,"DOMESTIC PASSENGERS",MUNDRA,2016,January,0,,,AUTO-ADDED
2434,"DOMESTIC PASSENGERS","OTHER AIRPORTS",2016,January,0,,,AUTO-ADDED
2436,"DOMESTIC PASSENGERS","OTHER AIRPORTS",2016,February,4,,,AUTO-ADDED
2596,"INTERNATIONAL PASSENGERS","(D) 48 DOMESTIC AIRPORTS",2016,February,252,,,AUTO-ADDED
2597,"INTERNATIONAL PASSENGERS","(E) STATE GOVT. / PVT AIRPORTS",2016,February,0,,,AUTO-ADDED
2598,"INTERNATIONAL PASSENGERS","(F) OTHER AIRPORTS",2016,February,0,,,AUTO-ADDED
1135,"INTERNATIONAL PASSENGERS",CHENNAI,2016,February,389620,MAA,VOMM,"18 INTERNATIONAL AIRPORTS"
1136,"INTERNATIONAL PASSENGERS",KOLKATA,2016,February,167756,CCU,VECC,"18 INTERNATIONAL AIRPORTS"
1137,"INTERNATIONAL PASSENGERS",AHMEDABAD,2016,February,149707,AMD,VAAH,"18 INTERNATIONAL AIRPORTS"
1138,"INTERNATIONAL PASSENGERS",GOA,2016,February,87522,GOI,VOGO,"18 INTERNATIONAL AIRPORTS"
1139,"INTERNATIONAL PASSENGERS",TRIVANDRUM,2016,February,171444,TRV,VOTV,"18 INTERNATIONAL AIRPORTS"
1140,"INTERNATIONAL PASSENGERS",LUCKNOW,2016,February,53199,LKO,VILK,"18 INTERNATIONAL AIRPORTS"
1141,"INTERNATIONAL PASSENGERS",JAIPUR,2016,February,30246,JAI,VIJP,"18 INTERNATIONAL AIRPORTS"
1142,"INTERNATIONAL PASSENGERS",GUWAHATI,2016,February,2605,GAU,VEGT,"18 INTERNATIONAL AIRPORTS"
1143,"INTERNATIONAL PASSENGERS",SRINAGAR,2016,February,0,SXR,VISR,"18 INTERNATIONAL AIRPORTS"
1144,"INTERNATIONAL PASSENGERS",CALICUT,2016,February,151205,CCJ,VOCL,"18 INTERNATIONAL AIRPORTS"
1145,"INTERNATIONAL PASSENGERS",BHUBANESWAR,2016,February,2181,BBI,VEBS,"18 INTERNATIONAL AIRPORTS"
1146,"INTERNATIONAL PASSENGERS",COIMBATORE,2016,February,9835,CJB,VOCB,"18 INTERNATIONAL AIRPORTS"
1147,"INTERNATIONAL PASSENGERS",MANGALORE,2016,February,49555,IXE,VOML,"18 INTERNATIONAL AIRPORTS"
1148,"INTERNATIONAL PASSENGERS",VARANASI,2016,February,9763,VNS,VIBN,"18 INTERNATIONAL AIRPORTS"
1149,"INTERNATIONAL PASSENGERS",TRICHY,2016,February,91573,TRZ,VOTR,"18 INTERNATIONAL AIRPORTS"
1150,"INTERNATIONAL PASSENGERS",AMRITSAR,2016,February,36677,ATQ,VIAR,"18 INTERNATIONAL AIRPORTS"
1151,"INTERNATIONAL PASSENGERS",PORTBLAIR,2016,February,0,IXZ,VOPB,"18 INTERNATIONAL AIRPORTS"
1152,"INTERNATIONAL PASSENGERS",IMPHAL,2016,February,0,IMF,VEIM,"18 INTERNATIONAL AIRPORTS"
1153,"INTERNATIONAL PASSENGERS","DELHI (DIAL)",2016,February,1203662,DEL,VIDP,"6 JV INTERNATIONAL AIRPORTS"
1154,"INTERNATIONAL PASSENGERS","MUMBAI (MIAL)",2016,February,940607,BOM,VABB,"6 JV INTERNATIONAL AIRPORTS"
1155,"INTERNATIONAL PASSENGERS",BANGALORE,2016,February,267172,BLR,VOBL,"6 JV INTERNATIONAL AIRPORTS"
1156,"INTERNATIONAL PASSENGERS",HYDERABAD,2016,February,241635,HYD,VOHS,"6 JV INTERNATIONAL AIRPORTS"
1157,"INTERNATIONAL PASSENGERS",COCHIN,2016,February,349844,COK,VOCI,"6 JV INTERNATIONAL AIRPORTS"
1158,"INTERNATIONAL PASSENGERS",NAGPUR,2016,February,7152,NAG,VANP,"6 JV INTERNATIONAL AIRPORTS"
1159,"INTERNATIONAL PASSENGERS",CHANDIGARH,2016,February,0,IXC,VICG,"8 CUSTOM AIRPORTS"
1160,"INTERNATIONAL PASSENGERS",PUNE,2016,February,18187,,,AUTO-ADDED
1161,"INTERNATIONAL PASSENGERS",VISAKHAPATNAM,2016,February,8919,,,AUTO-ADDED
1162,"INTERNATIONAL PASSENGERS",PATNA,2016,February,0,,,AUTO-ADDED
1163,"INTERNATIONAL PASSENGERS",BAGDOGRA,2016,February,2961,,,AUTO-ADDED
1164,"INTERNATIONAL PASSENGERS",MADURAI,2016,February,22121,,,AUTO-ADDED
1165,"INTERNATIONAL PASSENGERS",AURANGABAD,2016,February,0,IXU,VAAU,"8 CUSTOM AIRPORTS"
1166,"INTERNATIONAL PASSENGERS",GAYA,2016,February,18178,GAY,VEGY,"8 CUSTOM AIRPORTS"
1167,"DOMESTIC PASSENGERS",CHENNAI,2016,February,921892,MAA,VOMM,"18 INTERNATIONAL AIRPORTS"
1168,"DOMESTIC PASSENGERS",KOLKATA,2016,February,920868,CCU,VECC,"18 INTERNATIONAL AIRPORTS"
1169,"DOMESTIC PASSENGERS",AHMEDABAD,2016,February,443806,AMD,VAAH,"18 INTERNATIONAL AIRPORTS"
1170,"DOMESTIC PASSENGERS",GOA,2016,February,449520,GOI,VOGO,"18 INTERNATIONAL AIRPORTS"
1171,"DOMESTIC PASSENGERS",TRIVANDRUM,2016,February,103542,TRV,VOTV,"18 INTERNATIONAL AIRPORTS"
1172,"DOMESTIC PASSENGERS",LUCKNOW,2016,February,228323,LKO,VILK,"18 INTERNATIONAL AIRPORTS"
1173,"DOMESTIC PASSENGERS",JAIPUR,2016,February,222822,JAI,VIJP,"18 INTERNATIONAL AIRPORTS"
1174,"DOMESTIC PASSENGERS",GUWAHATI,2016,February,237168,GAU,VEGT,"18 INTERNATIONAL AIRPORTS"
1175,"DOMESTIC PASSENGERS",SRINAGAR,2016,February,170205,SXR,VISR,"18 INTERNATIONAL AIRPORTS"
1176,"DOMESTIC PASSENGERS",CALICUT,2016,February,27826,CCJ,VOCL,"18 INTERNATIONAL AIRPORTS"
1177,"DOMESTIC PASSENGERS",BHUBANESWAR,2016,February,169532,BBI,VEBS,"18 INTERNATIONAL AIRPORTS"
1178,"DOMESTIC PASSENGERS",COIMBATORE,2016,February,129372,CJB,VOCB,"18 INTERNATIONAL AIRPORTS"
1179,"DOMESTIC PASSENGERS",MANGALORE,2016,February,91060,IXE,VOML,"18 INTERNATIONAL AIRPORTS"
1180,"DOMESTIC PASSENGERS",VARANASI,2016,February,138824,VNS,VIBN,"18 INTERNATIONAL AIRPORTS"
1181,"DOMESTIC PASSENGERS",TRICHY,2016,February,12544,TRZ,VOTR,"18 INTERNATIONAL AIRPORTS"
1182,"DOMESTIC PASSENGERS",AMRITSAR,2016,February,84718,ATQ,VIAR,"18 INTERNATIONAL AIRPORTS"
1183,"DOMESTIC PASSENGERS",PORTBLAIR,2016,February,81419,IXZ,VOPB,"18 INTERNATIONAL AIRPORTS"
1184,"DOMESTIC PASSENGERS",IMPHAL,2016,February,66398,IMF,VEIM,"18 INTERNATIONAL AIRPORTS"
1185,"DOMESTIC PASSENGERS","DELHI (DIAL)",2016,February,3040618,DEL,VIDP,"6 JV INTERNATIONAL AIRPORTS"
1186,"DOMESTIC PASSENGERS","MUMBAI (MIAL)",2016,February,2583068,BOM,VABB,"6 JV INTERNATIONAL AIRPORTS"
1187,"DOMESTIC PASSENGERS",BANGALORE,2016,February,1330652,BLR,VOBL,"6 JV INTERNATIONAL AIRPORTS"
1188,"DOMESTIC PASSENGERS",HYDERABAD,2016,February,790913,HYD,VOHS,"6 JV INTERNATIONAL AIRPORTS"
1189,"DOMESTIC PASSENGERS",COCHIN,2016,February,267191,COK,VOCI,"6 JV INTERNATIONAL AIRPORTS"
1190,"DOMESTIC PASSENGERS",NAGPUR,2016,February,127809,NAG,VANP,"6 JV INTERNATIONAL AIRPORTS"
1191,"DOMESTIC PASSENGERS",CHANDIGARH,2016,February,130572,IXC,VICG,"8 CUSTOM AIRPORTS"
1192,"DOMESTIC PASSENGERS",PUNE,2016,February,447998,,,AUTO-ADDED
1193,"DOMESTIC PASSENGERS",VISAKHAPATNAM,2016,February,159164,,,AUTO-ADDED
1194,"DOMESTIC PASSENGERS",PATNA,2016,February,129885,,,AUTO-ADDED
1195,"DOMESTIC PASSENGERS",BAGDOGRA,2016,February,78698,,,AUTO-ADDED
1196,"DOMESTIC PASSENGERS",MADURAI,2016,February,56319,,,AUTO-ADDED
1197,"DOMESTIC PASSENGERS",AURANGABAD,2016,February,26183,IXU,VAAU,"8 CUSTOM AIRPORTS"
1198,"DOMESTIC PASSENGERS",GAYA,2016,February,7634,GAY,VEGY,"8 CUSTOM AIRPORTS"
1199,"DOMESTIC PASSENGERS",INDORE,2016,February,142668,,,AUTO-ADDED
1200,"DOMESTIC PASSENGERS",RAIPUR,2016,February,101058,,,AUTO-ADDED
1201,"DOMESTIC PASSENGERS",JAMMU,2016,February,98317,,,AUTO-ADDED
1202,"DOMESTIC PASSENGERS",VADODARA,2016,February,82443,,,AUTO-ADDED
1203,"DOMESTIC PASSENGERS",AGARTALA,2016,February,79979,,,AUTO-ADDED
1204,"DOMESTIC PASSENGERS",RANCHI,2016,February,58070,,,AUTO-ADDED
1205,"DOMESTIC PASSENGERS",UDAIPUR,2016,February,86771,,,AUTO-ADDED
1206,"DOMESTIC PASSENGERS",BHOPAL,2016,February,56240,,,AUTO-ADDED
1207,"DOMESTIC PASSENGERS",DEHRADUN,2016,February,36877,,,AUTO-ADDED
1208,"DOMESTIC PASSENGERS",RAJKOT,2016,February,36938,,,AUTO-ADDED
1209,"DOMESTIC PASSENGERS",LEH,2016,February,26839,,,AUTO-ADDED
1210,"DOMESTIC PASSENGERS",VIJAYAWADA,2016,February,39871,,,AUTO-ADDED
1211,"DOMESTIC PASSENGERS",TIRUPATI,2016,February,33629,,,AUTO-ADDED
1212,"DOMESTIC PASSENGERS",DIBRUGARH,2016,February,25443,,,AUTO-ADDED
1213,"DOMESTIC PASSENGERS",JODHPUR,2016,February,26602,,,AUTO-ADDED
1214,"DOMESTIC PASSENGERS",RAJAHMUNDRY,2016,February,19051,,,AUTO-ADDED
1215,"DOMESTIC PASSENGERS",SILCHAR,2016,February,17019,,,AUTO-ADDED
1216,"DOMESTIC PASSENGERS",JUHU,2016,February,14132,,,AUTO-ADDED
1217,"DOMESTIC PASSENGERS",JABALPUR,2016,February,9926,,,AUTO-ADDED
1218,"DOMESTIC PASSENGERS",BHUJ,2016,February,12898,,,AUTO-ADDED
1219,"DOMESTIC PASSENGERS",BELGAUM,2016,February,7401,,,AUTO-ADDED
1220,"DOMESTIC PASSENGERS",DIMAPUR,2016,February,8738,,,AUTO-ADDED
1221,"DOMESTIC PASSENGERS",SURAT,2016,February,11691,,,AUTO-ADDED
1222,"DOMESTIC PASSENGERS",TUTICORIN,2016,February,7920,,,AUTO-ADDED
1223,"DOMESTIC PASSENGERS",JAMNAGAR,2016,February,7292,,,AUTO-ADDED
1224,"DOMESTIC PASSENGERS",GUGGAL,2016,February,6506,,,AUTO-ADDED
1225,"DOMESTIC PASSENGERS",KHAJURAHO,2016,February,9167,,,AUTO-ADDED
1226,"DOMESTIC PASSENGERS",ALLAHABAD,2016,February,3560,,,AUTO-ADDED
1227,"DOMESTIC PASSENGERS",JORHAT,2016,February,4061,,,AUTO-ADDED
1228,"DOMESTIC PASSENGERS",BHAVNAGAR,2016,February,3055,,,AUTO-ADDED
1229,"DOMESTIC PASSENGERS",HUBLI,2016,February,4378,,,AUTO-ADDED
1230,"DOMESTIC PASSENGERS",AGATTI,2016,February,2514,,,AUTO-ADDED
1231,"DOMESTIC PASSENGERS",BHUNTAR,2016,February,2440,,,AUTO-ADDED
1232,"DOMESTIC PASSENGERS",PORBANDAR,2016,February,1424,,,AUTO-ADDED
1233,"DOMESTIC PASSENGERS",BARAPANI,2016,February,746,,,AUTO-ADDED
1234,"DOMESTIC PASSENGERS",GORKHPUR,2016,February,1641,,,AUTO-ADDED
1235,"DOMESTIC PASSENGERS",AGRA,2016,February,1541,,,AUTO-ADDED
1236,"DOMESTIC PASSENGERS",GWALIOR,2016,February,1063,,,AUTO-ADDED
1237,"DOMESTIC PASSENGERS",PANTNAGAR,2016,February,795,,,AUTO-ADDED
1238,"DOMESTIC PASSENGERS",LAKHIMPUR,2016,February,601,,,AUTO-ADDED
1239,"DOMESTIC PASSENGERS",PONDICHERRY,2016,February,0,,,AUTO-ADDED
1240,"DOMESTIC PASSENGERS",TEZPUR,2016,February,0,,,AUTO-ADDED
1241,"DOMESTIC PASSENGERS",CUDDAPAH,2016,February,0,,,AUTO-ADDED
1242,"DOMESTIC PASSENGERS",MYSORE,2016,February,0,,,AUTO-ADDED
1243,"DOMESTIC PASSENGERS",KANPUR,2016,February,10,,,AUTO-ADDED
1244,"DOMESTIC PASSENGERS",LENGPUI,2016,February,14426,,,AUTO-ADDED
1245,"DOMESTIC PASSENGERS",DIU,2016,February,3368,,,AUTO-ADDED
1246,"DOMESTIC PASSENGERS",DURGAPUR,2016,February,1379,,,AUTO-ADDED
1247,"DOMESTIC PASSENGERS",NANDED,2016,February,0,,,AUTO-ADDED
1248,"DOMESTIC PASSENGERS",MUNDRA,2016,February,0,,,AUTO-ADDED
2584,"INTERNATIONAL PASSENGERS","(D) 48 DOMESTIC AIRPORTS",2016,December,120,,,AUTO-ADDED
2585,"INTERNATIONAL PASSENGERS","(E) STATE GOVT. / PVT AIRPORTS",2016,December,0,,,AUTO-ADDED
2586,"INTERNATIONAL PASSENGERS","(F) OTHER AIRPORTS",2016,December,0,,,AUTO-ADDED
2293,"INTERNATIONAL PASSENGERS",VIJAYAWADA,2016,December,0,,,AUTO-ADDED
2294,"INTERNATIONAL PASSENGERS",TIRUPATI,2016,December,0,,,AUTO-ADDED
2295,"INTERNATIONAL PASSENGERS",BANGALORE,2016,December,328693,BLR,VOBL,"6 JV INTERNATIONAL AIRPORTS"
2296,"INTERNATIONAL PASSENGERS",HYDERABAD,2016,December,307867,HYD,VOHS,"6 JV INTERNATIONAL AIRPORTS"
2297,"INTERNATIONAL PASSENGERS",COCHIN,2016,December,434488,COK,VOCI,"6 JV INTERNATIONAL AIRPORTS"
2298,"INTERNATIONAL PASSENGERS",NAGPUR,2016,December,10309,NAG,VANP,"6 JV INTERNATIONAL AIRPORTS"
2299,"INTERNATIONAL PASSENGERS",PUNE,2016,December,23370,,,AUTO-ADDED
2300,"INTERNATIONAL PASSENGERS",VISAKHAPATNAM,2016,December,8988,,,AUTO-ADDED
2301,"INTERNATIONAL PASSENGERS",PATNA,2016,December,0,,,AUTO-ADDED
2302,"INTERNATIONAL PASSENGERS",CHANDIGARH,2016,December,13024,IXC,VICG,"8 CUSTOM AIRPORTS"
2303,"INTERNATIONAL PASSENGERS",BAGDOGRA,2016,December,2083,,,AUTO-ADDED
2304,"INTERNATIONAL PASSENGERS",MADURAI,2016,December,19996,,,AUTO-ADDED
2369,"DOMESTIC PASSENGERS",VIJAYAWADA,2016,December,54355,,,AUTO-ADDED
2370,"DOMESTIC PASSENGERS",TIRUPATI,2016,December,42788,,,AUTO-ADDED
2371,"DOMESTIC PASSENGERS",BANGALORE,2016,December,1825171,BLR,VOBL,"6 JV INTERNATIONAL AIRPORTS"
2372,"DOMESTIC PASSENGERS",HYDERABAD,2016,December,1094831,HYD,VOHS,"6 JV INTERNATIONAL AIRPORTS"
2373,"DOMESTIC PASSENGERS",COCHIN,2016,December,393596,COK,VOCI,"6 JV INTERNATIONAL AIRPORTS"
2374,"DOMESTIC PASSENGERS",NAGPUR,2016,December,182399,NAG,VANP,"6 JV INTERNATIONAL AIRPORTS"
2375,"DOMESTIC PASSENGERS",PUNE,2016,December,577508,,,AUTO-ADDED
2376,"DOMESTIC PASSENGERS",VISAKHAPATNAM,2016,December,213120,,,AUTO-ADDED
2377,"DOMESTIC PASSENGERS",PATNA,2016,December,186704,,,AUTO-ADDED
2378,"DOMESTIC PASSENGERS",CHANDIGARH,2016,December,131880,IXC,VICG,"8 CUSTOM AIRPORTS"
2379,"DOMESTIC PASSENGERS",BAGDOGRA,2016,December,142799,,,AUTO-ADDED
2380,"DOMESTIC PASSENGERS",MADURAI,2016,December,57868,,,AUTO-ADDED
2381,"DOMESTIC PASSENGERS",INDORE,2016,December,179671,,,AUTO-ADDED
2382,"DOMESTIC PASSENGERS",RAIPUR,2016,December,136339,,,AUTO-ADDED
2383,"DOMESTIC PASSENGERS",AGARTALA,2016,December,118256,,,AUTO-ADDED
2384,"DOMESTIC PASSENGERS",JAMMU,2016,December,101317,,,AUTO-ADDED
2385,"DOMESTIC PASSENGERS",VADODARA,2016,December,96881,,,AUTO-ADDED
2386,"DOMESTIC PASSENGERS",UDAIPUR,2016,December,114801,,,AUTO-ADDED
2387,"DOMESTIC PASSENGERS",RANCHI,2016,December,107375,,,AUTO-ADDED
2388,"DOMESTIC PASSENGERS",DEHRADUN,2016,December,73311,,,AUTO-ADDED
2389,"DOMESTIC PASSENGERS",BHOPAL,2016,December,52865,,,AUTO-ADDED
2390,"DOMESTIC PASSENGERS",LEH,2016,December,28430,,,AUTO-ADDED
2391,"DOMESTIC PASSENGERS",RAJKOT,2016,December,37717,,,AUTO-ADDED
2392,"DOMESTIC PASSENGERS",JODHPUR,2016,December,35590,,,AUTO-ADDED
2393,"DOMESTIC PASSENGERS",DIBRUGARH,2016,December,28370,,,AUTO-ADDED
2394,"DOMESTIC PASSENGERS",RAJAHMUNDRY,2016,December,22352,,,AUTO-ADDED
2395,"DOMESTIC PASSENGERS",SILCHAR,2016,December,23201,,,AUTO-ADDED
2396,"DOMESTIC PASSENGERS",SURAT,2016,December,19883,,,AUTO-ADDED
2397,"DOMESTIC PASSENGERS",BHUJ,2016,December,18348,,,AUTO-ADDED
2398,"DOMESTIC PASSENGERS",JUHU,2016,December,15044,,,AUTO-ADDED
2399,"DOMESTIC PASSENGERS",JABALPUR,2016,December,15284,,,AUTO-ADDED
2400,"DOMESTIC PASSENGERS",DIMAPUR,2016,December,16477,,,AUTO-ADDED
2401,"DOMESTIC PASSENGERS",GUGGAL,2016,December,7489,,,AUTO-ADDED
2402,"DOMESTIC PASSENGERS",TUTICORIN,2016,December,7873,,,AUTO-ADDED
2403,"DOMESTIC PASSENGERS",BELGAUM,2016,December,8299,,,AUTO-ADDED
2404,"DOMESTIC PASSENGERS",JAMNAGAR,2016,December,6317,,,AUTO-ADDED
2405,"DOMESTIC PASSENGERS",KHAJURAHO,2016,December,6051,,,AUTO-ADDED
2406,"DOMESTIC PASSENGERS",JORHAT,2016,December,6514,,,AUTO-ADDED
2407,"DOMESTIC PASSENGERS",GORAKHPUR,2016,December,0,,,AUTO-ADDED
2408,"DOMESTIC PASSENGERS",ALLAHABAD,2016,December,2961,,,AUTO-ADDED
2409,"DOMESTIC PASSENGERS",AGATTI,2016,December,3017,,,AUTO-ADDED
2410,"DOMESTIC PASSENGERS",HUBLI,2016,December,1838,,,AUTO-ADDED
2411,"DOMESTIC PASSENGERS",BHUNTAR,2016,December,566,,,AUTO-ADDED
2412,"DOMESTIC PASSENGERS",BHAVNAGAR,2016,December,2758,,,AUTO-ADDED
2413,"DOMESTIC PASSENGERS",DIU,2016,December,2084,,,AUTO-ADDED
2414,"DOMESTIC PASSENGERS",GWALIOR,2016,December,1129,,,AUTO-ADDED
2415,"DOMESTIC PASSENGERS",BARAPANI,2016,December,1242,,,AUTO-ADDED
2416,"DOMESTIC PASSENGERS",PANTNAGAR,2016,December,851,,,AUTO-ADDED
2417,"DOMESTIC PASSENGERS",LAKHIMPUR,2016,December,956,,,AUTO-ADDED
2418,"DOMESTIC PASSENGERS",AGRA,2016,December,1438,,,AUTO-ADDED
2419,"DOMESTIC PASSENGERS",TEZPUR,2016,December,696,,,AUTO-ADDED
2420,"DOMESTIC PASSENGERS",BHATINDA,2016,December,657,,,AUTO-ADDED
2421,"DOMESTIC PASSENGERS",PORBANDAR,2016,December,180,,,AUTO-ADDED
2422,"DOMESTIC PASSENGERS",KANPUR,2016,December,874,,,AUTO-ADDED
2423,"DOMESTIC PASSENGERS",CUDDAPAH,2016,December,72,,,AUTO-ADDED
2424,"DOMESTIC PASSENGERS",BIKANER,2016,December,72,,,AUTO-ADDED
2425,"DOMESTIC PASSENGERS",JAISALMER,2016,December,0,,,AUTO-ADDED
2426,"DOMESTIC PASSENGERS",LUDHIANA,2016,December,5,,,AUTO-ADDED
2427,"DOMESTIC PASSENGERS",KOLHAPUR,2016,December,0,,,AUTO-ADDED
2428,"DOMESTIC PASSENGERS",SHIMLA,2016,December,13,,,AUTO-ADDED
2429,"DOMESTIC PASSENGERS",LENGPUI,2016,December,25331,,,AUTO-ADDED
2430,"DOMESTIC PASSENGERS",DURGAPUR,2016,December,0,,,AUTO-ADDED
2431,"DOMESTIC PASSENGERS",NANDED,2016,December,0,,,AUTO-ADDED
2432,"DOMESTIC PASSENGERS",MUNDRA,2016,December,0,,,AUTO-ADDED
2452,"DOMESTIC PASSENGERS","OTHER AIRPORTS",2016,December,5,,,AUTO-ADDED
463,"INTERNATIONAL PASSENGERS",CHENNAI,2016,December,460118,MAA,VOMM,"18 INTERNATIONAL AIRPORTS"
464,"INTERNATIONAL PASSENGERS",KOLKATA,2016,December,209176,CCU,VECC,"18 INTERNATIONAL AIRPORTS"
465,"INTERNATIONAL PASSENGERS",AHMEDABAD,2016,December,164909,AMD,VAAH,"18 INTERNATIONAL AIRPORTS"
466,"INTERNATIONAL PASSENGERS",GOA,2016,December,117171,GOI,VOGO,"18 INTERNATIONAL AIRPORTS"
467,"INTERNATIONAL PASSENGERS",LUCKNOW,2016,December,57264,LKO,VILK,"18 INTERNATIONAL AIRPORTS"
468,"INTERNATIONAL PASSENGERS",TRIVANDRUM,2016,December,211169,TRV,VOTV,"18 INTERNATIONAL AIRPORTS"
469,"INTERNATIONAL PASSENGERS",GUWAHATI,2016,December,1425,GAU,VEGT,"18 INTERNATIONAL AIRPORTS"
470,"INTERNATIONAL PASSENGERS",JAIPUR,2016,December,44840,JAI,VIJP,"18 INTERNATIONAL AIRPORTS"
471,"INTERNATIONAL PASSENGERS",CALICUT,2016,December,201851,CCJ,VOCL,"18 INTERNATIONAL AIRPORTS"
472,"INTERNATIONAL PASSENGERS",BHUBANESWAR,2016,December,2312,BBI,VEBS,"18 INTERNATIONAL AIRPORTS"
473,"INTERNATIONAL PASSENGERS",COIMBATORE,2016,December,14061,CJB,VOCB,"18 INTERNATIONAL AIRPORTS"
474,"INTERNATIONAL PASSENGERS",SRINAGAR,2016,December,0,SXR,VISR,"18 INTERNATIONAL AIRPORTS"
475,"INTERNATIONAL PASSENGERS",VARANASI,2016,December,12156,VNS,VIBN,"18 INTERNATIONAL AIRPORTS"
476,"INTERNATIONAL PASSENGERS",MANGALORE,2016,December,68633,IXE,VOML,"18 INTERNATIONAL AIRPORTS"
477,"INTERNATIONAL PASSENGERS",AMRITSAR,2016,December,51945,ATQ,VIAR,"18 INTERNATIONAL AIRPORTS"
478,"INTERNATIONAL PASSENGERS",TRICHY,2016,December,111049,TRZ,VOTR,"18 INTERNATIONAL AIRPORTS"
479,"INTERNATIONAL PASSENGERS",PORTBLAIR,2016,December,0,IXZ,VOPB,"18 INTERNATIONAL AIRPORTS"
480,"INTERNATIONAL PASSENGERS",IMPHAL,2016,December,0,IMF,VEIM,"18 INTERNATIONAL AIRPORTS"
481,"INTERNATIONAL PASSENGERS","DELHI (DIAL)",2016,December,1413678,DEL,VIDP,"6 JV INTERNATIONAL AIRPORTS"
482,"INTERNATIONAL PASSENGERS","MUMBAI (MIAL)",2016,December,1161549,BOM,VABB,"6 JV INTERNATIONAL AIRPORTS"
483,"INTERNATIONAL PASSENGERS",AURANGABAD,2016,December,0,IXU,VAAU,"8 CUSTOM AIRPORTS"
484,"INTERNATIONAL PASSENGERS",GAYA,2016,December,18878,GAY,VEGY,"8 CUSTOM AIRPORTS"
507,"DOMESTIC PASSENGERS",CHENNAI,2016,December,1104822,MAA,VOMM,"18 INTERNATIONAL AIRPORTS"
508,"DOMESTIC PASSENGERS",KOLKATA,2016,December,1359551,CCU,VECC,"18 INTERNATIONAL AIRPORTS"
509,"DOMESTIC PASSENGERS",AHMEDABAD,2016,December,540777,AMD,VAAH,"18 INTERNATIONAL AIRPORTS"
510,"DOMESTIC PASSENGERS",GOA,2016,December,577428,GOI,VOGO,"18 INTERNATIONAL AIRPORTS"
511,"DOMESTIC PASSENGERS",LUCKNOW,2016,December,306187,LKO,VILK,"18 INTERNATIONAL AIRPORTS"
512,"DOMESTIC PASSENGERS",TRIVANDRUM,2016,December,148279,TRV,VOTV,"18 INTERNATIONAL AIRPORTS"
513,"DOMESTIC PASSENGERS",GUWAHATI,2016,December,382618,GAU,VEGT,"18 INTERNATIONAL AIRPORTS"
514,"DOMESTIC PASSENGERS",JAIPUR,2016,December,304769,JAI,VIJP,"18 INTERNATIONAL AIRPORTS"
515,"DOMESTIC PASSENGERS",CALICUT,2016,December,37447,CCJ,VOCL,"18 INTERNATIONAL AIRPORTS"
516,"DOMESTIC PASSENGERS",BHUBANESWAR,2016,December,251454,BBI,VEBS,"18 INTERNATIONAL AIRPORTS"
517,"DOMESTIC PASSENGERS",COIMBATORE,2016,December,173565,CJB,VOCB,"18 INTERNATIONAL AIRPORTS"
518,"DOMESTIC PASSENGERS",SRINAGAR,2016,December,124543,SXR,VISR,"18 INTERNATIONAL AIRPORTS"
519,"DOMESTIC PASSENGERS",VARANASI,2016,December,158717,VNS,VIBN,"18 INTERNATIONAL AIRPORTS"
520,"DOMESTIC PASSENGERS",MANGALORE,2016,December,86051,IXE,VOML,"18 INTERNATIONAL AIRPORTS"
521,"DOMESTIC PASSENGERS",AMRITSAR,2016,December,88790,ATQ,VIAR,"18 INTERNATIONAL AIRPORTS"
522,"DOMESTIC PASSENGERS",TRICHY,2016,December,13196,TRZ,VOTR,"18 INTERNATIONAL AIRPORTS"
523,"DOMESTIC PASSENGERS",PORTBLAIR,2016,December,125539,IXZ,VOPB,"18 INTERNATIONAL AIRPORTS"
524,"DOMESTIC PASSENGERS",IMPHAL,2016,December,83246,IMF,VEIM,"18 INTERNATIONAL AIRPORTS"
525,"DOMESTIC PASSENGERS","DELHI (DIAL)",2016,December,3745169,DEL,VIDP,"6 JV INTERNATIONAL AIRPORTS"
526,"DOMESTIC PASSENGERS","MUMBAI (MIAL)",2016,December,2955907,BOM,VABB,"6 JV INTERNATIONAL AIRPORTS"
527,"DOMESTIC PASSENGERS",AURANGABAD,2016,December,29602,IXU,VAAU,"8 CUSTOM AIRPORTS"
528,"DOMESTIC PASSENGERS",GAYA,2016,December,7167,GAY,VEGY,"8 CUSTOM AIRPORTS"
551,"DOMESTIC PASSENGERS",CHENNAI,2016,AUG,1098344,MAA,VOMM,"18 INTERNATIONAL AIRPORTS"
552,"DOMESTIC PASSENGERS",KOLKATA,2016,AUG,1010933,CCU,VECC,"18 INTERNATIONAL AIRPORTS"
553,"DOMESTIC PASSENGERS",AHMEDABAD,2016,AUG,463749,AMD,VAAH,"18 INTERNATIONAL AIRPORTS"
554,"DOMESTIC PASSENGERS",GOA,2016,AUG,464774,GOI,VOGO,"18 INTERNATIONAL AIRPORTS"
555,"DOMESTIC PASSENGERS",LUCKNOW,2016,AUG,263922,LKO,VILK,"18 INTERNATIONAL AIRPORTS"
556,"DOMESTIC PASSENGERS",TRIVANDRUM,2016,AUG,132211,TRV,VOTV,"18 INTERNATIONAL AIRPORTS"
557,"DOMESTIC PASSENGERS",GUWAHATI,2016,AUG,268525,GAU,VEGT,"18 INTERNATIONAL AIRPORTS"
558,"DOMESTIC PASSENGERS",JAIPUR,2016,AUG,279080,JAI,VIJP,"18 INTERNATIONAL AIRPORTS"
559,"DOMESTIC PASSENGERS",CALICUT,2016,AUG,39868,CCJ,VOCL,"18 INTERNATIONAL AIRPORTS"
560,"DOMESTIC PASSENGERS",BHUBANESWAR,2016,AUG,152068,BBI,VEBS,"18 INTERNATIONAL AIRPORTS"
561,"DOMESTIC PASSENGERS",COIMBATORE,2016,AUG,168032,CJB,VOCB,"18 INTERNATIONAL AIRPORTS"
562,"DOMESTIC PASSENGERS",SRINAGAR,2016,AUG,151772,SXR,VISR,"18 INTERNATIONAL AIRPORTS"
563,"DOMESTIC PASSENGERS",VARANASI,2016,AUG,136964,VNS,VIBN,"18 INTERNATIONAL AIRPORTS"
564,"DOMESTIC PASSENGERS",MANGALORE,2016,AUG,85090,IXE,VOML,"18 INTERNATIONAL AIRPORTS"
565,"DOMESTIC PASSENGERS",AMRITSAR,2016,AUG,81392,ATQ,VIAR,"18 INTERNATIONAL AIRPORTS"
566,"DOMESTIC PASSENGERS",TRICHY,2016,AUG,15784,TRZ,VOTR,"18 INTERNATIONAL AIRPORTS"
567,"DOMESTIC PASSENGERS",PORTBLAIR,2016,AUG,74478,IXZ,VOPB,"18 INTERNATIONAL AIRPORTS"
568,"DOMESTIC PASSENGERS",IMPHAL,2016,AUG,66581,IMF,VEIM,"18 INTERNATIONAL AIRPORTS"
569,"DOMESTIC PASSENGERS","DELHI (DIAL)",2016,AUG,3360871,DEL,VIDP,"6 JV INTERNATIONAL AIRPORTS"
570,"DOMESTIC PASSENGERS","MUMBAI (MIAL)",2016,AUG,2756693,BOM,VABB,"6 JV INTERNATIONAL AIRPORTS"
571,"DOMESTIC PASSENGERS",AURANGABAD,2016,AUG,29158,IXU,VAAU,"8 CUSTOM AIRPORTS"
572,"DOMESTIC PASSENGERS",GAYA,2016,AUG,4391,GAY,VEGY,"8 CUSTOM AIRPORTS"
2544,"DOMESTIC PASSENGERS",SURAT,2016,AUG,13684,,,AUTO-ADDED
2545,"DOMESTIC PASSENGERS",BHUJ,2016,AUG,14905,,,AUTO-ADDED
2546,"DOMESTIC PASSENGERS",JUHU,2016,AUG,14446,,,AUTO-ADDED
2547,"DOMESTIC PASSENGERS",JABALPUR,2016,AUG,13182,,,AUTO-ADDED
2548,"DOMESTIC PASSENGERS",DIMAPUR,2016,AUG,10591,,,AUTO-ADDED
2549,"DOMESTIC PASSENGERS",GUGGAL,2016,AUG,8924,,,AUTO-ADDED
2550,"DOMESTIC PASSENGERS",TUTICORIN,2016,AUG,8724,,,AUTO-ADDED
2551,"DOMESTIC PASSENGERS",BELGAUM,2016,AUG,8851,,,AUTO-ADDED
2552,"DOMESTIC PASSENGERS",JAMNAGAR,2016,AUG,8318,,,AUTO-ADDED
2553,"DOMESTIC PASSENGERS",KHAJURAHO,2016,AUG,3018,,,AUTO-ADDED
2554,"DOMESTIC PASSENGERS",JORHAT,2016,AUG,3790,,,AUTO-ADDED
2555,"DOMESTIC PASSENGERS",GORKHPUR,2016,AUG,2900,,,AUTO-ADDED
2556,"DOMESTIC PASSENGERS",ALLAHABAD,2016,AUG,4178,,,AUTO-ADDED
2557,"DOMESTIC PASSENGERS",AGATTI,2016,AUG,2098,,,AUTO-ADDED
2558,"DOMESTIC PASSENGERS",HUBLI,2016,AUG,1061,,,AUTO-ADDED
2559,"DOMESTIC PASSENGERS",BHUNTAR,2016,AUG,1825,,,AUTO-ADDED
2560,"DOMESTIC PASSENGERS",BHAVNAGAR,2016,AUG,2049,,,AUTO-ADDED
2561,"DOMESTIC PASSENGERS",DIU,2016,AUG,1240,,,AUTO-ADDED
2562,"DOMESTIC PASSENGERS",GWALIOR,2016,AUG,1153,,,AUTO-ADDED
2563,"DOMESTIC PASSENGERS",BARAPANI,2016,AUG,901,,,AUTO-ADDED
2564,"DOMESTIC PASSENGERS",PANTNAGAR,2016,AUG,1174,,,AUTO-ADDED
2565,"DOMESTIC PASSENGERS",LAKHIMPUR,2016,AUG,922,,,AUTO-ADDED
2566,"DOMESTIC PASSENGERS",AGRA,2016,AUG,120,,,AUTO-ADDED
2567,"DOMESTIC PASSENGERS",TEZPUR,2016,AUG,614,,,AUTO-ADDED
2568,"DOMESTIC PASSENGERS",BHATINDA,2016,AUG,0,,,AUTO-ADDED
2569,"DOMESTIC PASSENGERS",PORBANDAR,2016,AUG,222,,,AUTO-ADDED
2570,"DOMESTIC PASSENGERS",KANPUR,2016,AUG,48,,,AUTO-ADDED
2571,"DOMESTIC PASSENGERS",CUDDAPAH,2016,AUG,335,,,AUTO-ADDED
2572,"DOMESTIC PASSENGERS",BIKANER,2016,AUG,0,,,AUTO-ADDED
2573,"DOMESTIC PASSENGERS",JAISALMER,2016,AUG,0,,,AUTO-ADDED
2574,"DOMESTIC PASSENGERS",LUDHIANA,2016,AUG,0,,,AUTO-ADDED
2575,"DOMESTIC PASSENGERS",KOLHAPUR,2016,AUG,0,,,AUTO-ADDED
2576,"DOMESTIC PASSENGERS",SHIMLA,2016,AUG,13,,,AUTO-ADDED
2577,"DOMESTIC PASSENGERS",LENGPUI,2016,AUG,16794,,,AUTO-ADDED
2578,"DOMESTIC PASSENGERS",DURGAPUR,2016,AUG,0,,,AUTO-ADDED
2579,"DOMESTIC PASSENGERS",NANDED,2016,AUG,0,,,AUTO-ADDED
2580,"DOMESTIC PASSENGERS",MUNDRA,2016,AUG,0,,,AUTO-ADDED
2626,"INTERNATIONAL PASSENGERS","(D) 48 DOMESTIC AIRPORTS",2016,AUG,3330,,,AUTO-ADDED
2627,"INTERNATIONAL PASSENGERS","(E) STATE GOVT. / PVT AIRPORTS",2016,AUG,0,,,AUTO-ADDED
2628,"INTERNATIONAL PASSENGERS","(F) OTHER AIRPORTS",2016,AUG,0,,,AUTO-ADDED
1975,"INTERNATIONAL PASSENGERS",BANGALORE,2016,AUG,297325,BLR,VOBL,"6 JV INTERNATIONAL AIRPORTS"
1976,"INTERNATIONAL PASSENGERS",HYDERABAD,2016,AUG,298465,HYD,VOHS,"6 JV INTERNATIONAL AIRPORTS"
1977,"INTERNATIONAL PASSENGERS",COCHIN,2016,AUG,436239,COK,VOCI,"6 JV INTERNATIONAL AIRPORTS"
1978,"INTERNATIONAL PASSENGERS",NAGPUR,2016,AUG,9245,NAG,VANP,"6 JV INTERNATIONAL AIRPORTS"
1979,"INTERNATIONAL PASSENGERS",PUNE,2016,AUG,19725,,,AUTO-ADDED
1980,"INTERNATIONAL PASSENGERS",VISAKHAPATNAM,2016,AUG,7897,,,AUTO-ADDED
1981,"INTERNATIONAL PASSENGERS",PATNA,2016,AUG,0,,,AUTO-ADDED
1982,"INTERNATIONAL PASSENGERS","CHANDIGARH  (JV AIRPORT",2016,AUG,0,,,AUTO-ADDED
1983,"INTERNATIONAL PASSENGERS",BAGDOGRA,2016,AUG,1535,,,AUTO-ADDED
1984,"INTERNATIONAL PASSENGERS",MADURAI,2016,AUG,24051,,,AUTO-ADDED
243,"INTERNATIONAL PASSENGERS",CHENNAI,2016,AUG,454847,MAA,VOMM,"18 INTERNATIONAL AIRPORTS"
244,"INTERNATIONAL PASSENGERS",KOLKATA,2016,AUG,174904,CCU,VECC,"18 INTERNATIONAL AIRPORTS"
245,"INTERNATIONAL PASSENGERS",AHMEDABAD,2016,AUG,131569,AMD,VAAH,"18 INTERNATIONAL AIRPORTS"
246,"INTERNATIONAL PASSENGERS",GOA,2016,AUG,25102,GOI,VOGO,"18 INTERNATIONAL AIRPORTS"
247,"INTERNATIONAL PASSENGERS",LUCKNOW,2016,AUG,57693,LKO,VILK,"18 INTERNATIONAL AIRPORTS"
248,"INTERNATIONAL PASSENGERS",TRIVANDRUM,2016,AUG,199465,TRV,VOTV,"18 INTERNATIONAL AIRPORTS"
249,"INTERNATIONAL PASSENGERS",GUWAHATI,2016,AUG,6690,GAU,VEGT,"18 INTERNATIONAL AIRPORTS"
250,"INTERNATIONAL PASSENGERS",JAIPUR,2016,AUG,34206,JAI,VIJP,"18 INTERNATIONAL AIRPORTS"
251,"INTERNATIONAL PASSENGERS",CALICUT,2016,AUG,192209,CCJ,VOCL,"18 INTERNATIONAL AIRPORTS"
252,"INTERNATIONAL PASSENGERS",BHUBANESWAR,2016,AUG,2422,BBI,VEBS,"18 INTERNATIONAL AIRPORTS"
253,"INTERNATIONAL PASSENGERS",COIMBATORE,2016,AUG,10399,CJB,VOCB,"18 INTERNATIONAL AIRPORTS"
254,"INTERNATIONAL PASSENGERS",SRINAGAR,2016,AUG,6450,SXR,VISR,"18 INTERNATIONAL AIRPORTS"
255,"INTERNATIONAL PASSENGERS",VARANASI,2016,AUG,8422,VNS,VIBN,"18 INTERNATIONAL AIRPORTS"
256,"INTERNATIONAL PASSENGERS",MANGALORE,2016,AUG,63951,IXE,VOML,"18 INTERNATIONAL AIRPORTS"
257,"INTERNATIONAL PASSENGERS",AMRITSAR,2016,AUG,47507,ATQ,VIAR,"18 INTERNATIONAL AIRPORTS"
258,"INTERNATIONAL PASSENGERS",TRICHY,2016,AUG,94794,TRZ,VOTR,"18 INTERNATIONAL AIRPORTS"
259,"INTERNATIONAL PASSENGERS",PORTBLAIR,2016,AUG,0,IXZ,VOPB,"18 INTERNATIONAL AIRPORTS"
260,"INTERNATIONAL PASSENGERS",IMPHAL,2016,AUG,0,IMF,VEIM,"18 INTERNATIONAL AIRPORTS"
261,"INTERNATIONAL PASSENGERS","DELHI (DIAL)",2016,AUG,1253000,DEL,VIDP,"6 JV INTERNATIONAL AIRPORTS"
262,"INTERNATIONAL PASSENGERS","MUMBAI (MIAL)",2016,AUG,1022530,BOM,VABB,"6 JV INTERNATIONAL AIRPORTS"
263,"INTERNATIONAL PASSENGERS",AURANGABAD,2016,AUG,548,IXU,VAAU,"8 CUSTOM AIRPORTS"
264,"INTERNATIONAL PASSENGERS",GAYA,2016,AUG,7383,GAY,VEGY,"8 CUSTOM AIRPORTS"
2446,"DOMESTIC PASSENGERS","OTHER AIRPORTS",2016,AUG,0,,,AUTO-ADDED
2517,"DOMESTIC PASSENGERS",BANGALORE,2016,AUG,1583068,BLR,VOBL,"6 JV INTERNATIONAL AIRPORTS"
2518,"DOMESTIC PASSENGERS",HYDERABAD,2016,AUG,974079,HYD,VOHS,"6 JV INTERNATIONAL AIRPORTS"
2519,"DOMESTIC PASSENGERS",COCHIN,2016,AUG,321929,COK,VOCI,"6 JV INTERNATIONAL AIRPORTS"
2520,"DOMESTIC PASSENGERS",NAGPUR,2016,AUG,139055,NAG,VANP,"6 JV INTERNATIONAL AIRPORTS"
2521,"DOMESTIC PASSENGERS",PUNE,2016,AUG,531417,,,AUTO-ADDED
2522,"DOMESTIC PASSENGERS",VISAKHAPATNAM,2016,AUG,197548,,,AUTO-ADDED
2523,"DOMESTIC PASSENGERS",PATNA,2016,AUG,155647,,,AUTO-ADDED
2524,"DOMESTIC PASSENGERS","CHANDIGARH  (JV AIRPORT",2016,AUG,137254,,,AUTO-ADDED
2525,"DOMESTIC PASSENGERS",BAGDOGRA,2016,AUG,98651,,,AUTO-ADDED
2526,"DOMESTIC PASSENGERS",MADURAI,2016,AUG,55968,,,AUTO-ADDED
2527,"DOMESTIC PASSENGERS",INDORE,2016,AUG,136429,,,AUTO-ADDED
2528,"DOMESTIC PASSENGERS",RAIPUR,2016,AUG,107261,,,AUTO-ADDED
2529,"DOMESTIC PASSENGERS",AGARTALA,2016,AUG,90737,,,AUTO-ADDED
2530,"DOMESTIC PASSENGERS",JAMMU,2016,AUG,94762,,,AUTO-ADDED
2531,"DOMESTIC PASSENGERS",VADODARA,2016,AUG,94938,,,AUTO-ADDED
2532,"DOMESTIC PASSENGERS",UDAIPUR,2016,AUG,79831,,,AUTO-ADDED
2533,"DOMESTIC PASSENGERS",RANCHI,2016,AUG,75349,,,AUTO-ADDED
2534,"DOMESTIC PASSENGERS",DEHRADUN,2016,AUG,64585,,,AUTO-ADDED
2535,"DOMESTIC PASSENGERS",BHOPAL,2016,AUG,59398,,,AUTO-ADDED
2536,"DOMESTIC PASSENGERS",VIJAYAWADA,2016,AUG,56312,,,AUTO-ADDED
2537,"DOMESTIC PASSENGERS",LEH,2016,AUG,63005,,,AUTO-ADDED
2538,"DOMESTIC PASSENGERS",TIRUPATI,2016,AUG,45646,,,AUTO-ADDED
2539,"DOMESTIC PASSENGERS",RAJKOT,2016,AUG,35594,,,AUTO-ADDED
2540,"DOMESTIC PASSENGERS",JODHPUR,2016,AUG,23710,,,AUTO-ADDED
2541,"DOMESTIC PASSENGERS",DIBRUGARH,2016,AUG,23501,,,AUTO-ADDED
2542,"DOMESTIC PASSENGERS",RAJAHMUNDRY,2016,AUG,21245,,,AUTO-ADDED
2543,"DOMESTIC PASSENGERS",SILCHAR,2016,AUG,13377,,,AUTO-ADDED
2440,"DOMESTIC PASSENGERS","OTHER AIRPORTS",2016,APRIL,0,,,AUTO-ADDED
1509,"INTERNATIONAL PASSENGERS",CHENNAI,2016,APRIL,412670,MAA,VOMM,"18 INTERNATIONAL AIRPORTS"
1510,"INTERNATIONAL PASSENGERS",KOLKATA,2016,APRIL,171983,CCU,VECC,"18 INTERNATIONAL AIRPORTS"
1511,"INTERNATIONAL PASSENGERS",AHMEDABAD,2016,APRIL,142511,AMD,VAAH,"18 INTERNATIONAL AIRPORTS"
1512,"INTERNATIONAL PASSENGERS",GOA,2016,APRIL,55958,GOI,VOGO,"18 INTERNATIONAL AIRPORTS"
1513,"INTERNATIONAL PASSENGERS",LUCKNOW,2016,APRIL,54912,LKO,VILK,"18 INTERNATIONAL AIRPORTS"
1514,"INTERNATIONAL PASSENGERS",TRIVANDRUM,2016,APRIL,202132,TRV,VOTV,"18 INTERNATIONAL AIRPORTS"
1515,"INTERNATIONAL PASSENGERS",GUWAHATI,2016,APRIL,1791,GAU,VEGT,"18 INTERNATIONAL AIRPORTS"
1516,"INTERNATIONAL PASSENGERS",JAIPUR,2016,APRIL,33140,JAI,VIJP,"18 INTERNATIONAL AIRPORTS"
1517,"INTERNATIONAL PASSENGERS",CALICUT,2016,APRIL,174248,CCJ,VOCL,"18 INTERNATIONAL AIRPORTS"
1518,"INTERNATIONAL PASSENGERS",BHUBANESWAR,2016,APRIL,2604,BBI,VEBS,"18 INTERNATIONAL AIRPORTS"
1519,"INTERNATIONAL PASSENGERS",COIMBATORE,2016,APRIL,11345,CJB,VOCB,"18 INTERNATIONAL AIRPORTS"
1520,"INTERNATIONAL PASSENGERS",SRINAGAR,2016,APRIL,0,SXR,VISR,"18 INTERNATIONAL AIRPORTS"
1521,"INTERNATIONAL PASSENGERS",VARANASI,2016,APRIL,3860,VNS,VIBN,"18 INTERNATIONAL AIRPORTS"
1522,"INTERNATIONAL PASSENGERS",MANGALORE,2016,APRIL,59615,IXE,VOML,"18 INTERNATIONAL AIRPORTS"
1523,"INTERNATIONAL PASSENGERS",AMRITSAR,2016,APRIL,36292,ATQ,VIAR,"18 INTERNATIONAL AIRPORTS"
1524,"INTERNATIONAL PASSENGERS",TRICHY,2016,APRIL,94795,TRZ,VOTR,"18 INTERNATIONAL AIRPORTS"
1525,"INTERNATIONAL PASSENGERS",PORTBLAIR,2016,APRIL,0,IXZ,VOPB,"18 INTERNATIONAL AIRPORTS"
1526,"INTERNATIONAL PASSENGERS",IMPHAL,2016,APRIL,0,IMF,VEIM,"18 INTERNATIONAL AIRPORTS"
1527,"INTERNATIONAL PASSENGERS","DELHI (DIAL)",2016,APRIL,1171259,DEL,VIDP,"6 JV INTERNATIONAL AIRPORTS"
1528,"INTERNATIONAL PASSENGERS","MUMBAI (MIAL)",2016,APRIL,974081,BOM,VABB,"6 JV INTERNATIONAL AIRPORTS"
1529,"INTERNATIONAL PASSENGERS",BANGALORE,2016,APRIL,308127,BLR,VOBL,"6 JV INTERNATIONAL AIRPORTS"
1530,"INTERNATIONAL PASSENGERS",HYDERABAD,2016,APRIL,272076,HYD,VOHS,"6 JV INTERNATIONAL AIRPORTS"
1531,"INTERNATIONAL PASSENGERS",COCHIN,2016,APRIL,427731,COK,VOCI,"6 JV INTERNATIONAL AIRPORTS"
1532,"INTERNATIONAL PASSENGERS",NAGPUR,2016,APRIL,8672,NAG,VANP,"6 JV INTERNATIONAL AIRPORTS"
1533,"INTERNATIONAL PASSENGERS",PUNE,2016,APRIL,21128,,,AUTO-ADDED
1534,"INTERNATIONAL PASSENGERS",VISAKHAPATNAM,2016,APRIL,8200,,,AUTO-ADDED
1535,"INTERNATIONAL PASSENGERS",PATNA,2016,APRIL,0,,,AUTO-ADDED
1536,"INTERNATIONAL PASSENGERS",CHANDIGARH,2016,APRIL,0,IXC,VICG,"8 CUSTOM AIRPORTS"
1537,"INTERNATIONAL PASSENGERS",BAGDOGRA,2016,APRIL,2285,,,AUTO-ADDED
1538,"INTERNATIONAL PASSENGERS",MADURAI,2016,APRIL,23648,,,AUTO-ADDED
1539,"INTERNATIONAL PASSENGERS",AURANGABAD,2016,APRIL,0,IXU,VAAU,"8 CUSTOM AIRPORTS"
1540,"INTERNATIONAL PASSENGERS",GAYA,2016,APRIL,7230,GAY,VEGY,"8 CUSTOM AIRPORTS"
1605,"DOMESTIC PASSENGERS",BANGALORE,2016,APRIL,1485502,BLR,VOBL,"6 JV INTERNATIONAL AIRPORTS"
1606,"DOMESTIC PASSENGERS",HYDERABAD,2016,APRIL,852645,HYD,VOHS,"6 JV INTERNATIONAL AIRPORTS"
1607,"DOMESTIC PASSENGERS",COCHIN,2016,APRIL,286164,COK,VOCI,"6 JV INTERNATIONAL AIRPORTS"
1608,"DOMESTIC PASSENGERS",NAGPUR,2016,APRIL,130391,NAG,VANP,"6 JV INTERNATIONAL AIRPORTS"
1609,"DOMESTIC PASSENGERS",PUNE,2016,APRIL,490436,,,AUTO-ADDED
1610,"DOMESTIC PASSENGERS",VISAKHAPATNAM,2016,APRIL,172444,,,AUTO-ADDED
1611,"DOMESTIC PASSENGERS",PATNA,2016,APRIL,160930,,,AUTO-ADDED
1612,"DOMESTIC PASSENGERS",CHANDIGARH,2016,APRIL,118855,IXC,VICG,"8 CUSTOM AIRPORTS"
1613,"DOMESTIC PASSENGERS",BAGDOGRA,2016,APRIL,102482,,,AUTO-ADDED
1614,"DOMESTIC PASSENGERS",MADURAI,2016,APRIL,59922,,,AUTO-ADDED
1615,"DOMESTIC PASSENGERS",INDORE,2016,APRIL,139700,,,AUTO-ADDED
1616,"DOMESTIC PASSENGERS",RAIPUR,2016,APRIL,106633,,,AUTO-ADDED
1617,"DOMESTIC PASSENGERS",AGARTALA,2016,APRIL,86773,,,AUTO-ADDED
1618,"DOMESTIC PASSENGERS",JAMMU,2016,APRIL,92784,,,AUTO-ADDED
1619,"DOMESTIC PASSENGERS",VADODARA,2016,APRIL,88713,,,AUTO-ADDED
1620,"DOMESTIC PASSENGERS",UDAIPUR,2016,APRIL,80303,,,AUTO-ADDED
1621,"DOMESTIC PASSENGERS",RANCHI,2016,APRIL,64797,,,AUTO-ADDED
1622,"DOMESTIC PASSENGERS",DEHRADUN,2016,APRIL,70431,,,AUTO-ADDED
1623,"DOMESTIC PASSENGERS",BHOPAL,2016,APRIL,59264,,,AUTO-ADDED
1624,"DOMESTIC PASSENGERS",VIJAYAWADA,2016,APRIL,42877,,,AUTO-ADDED
1625,"DOMESTIC PASSENGERS",LEH,2016,APRIL,43334,,,AUTO-ADDED
1626,"DOMESTIC PASSENGERS",TIRUPATI,2016,APRIL,37482,,,AUTO-ADDED
1627,"DOMESTIC PASSENGERS",RAJKOT,2016,APRIL,29021,,,AUTO-ADDED
1628,"DOMESTIC PASSENGERS",JODHPUR,2016,APRIL,24270,,,AUTO-ADDED
1629,"DOMESTIC PASSENGERS",DIBRUGARH,2016,APRIL,24721,,,AUTO-ADDED
1630,"DOMESTIC PASSENGERS",RAJAHMUNDRY,2016,APRIL,23307,,,AUTO-ADDED
1631,"DOMESTIC PASSENGERS",SILCHAR,2016,APRIL,13538,,,AUTO-ADDED
1632,"DOMESTIC PASSENGERS",SURAT,2016,APRIL,13045,,,AUTO-ADDED
1633,"DOMESTIC PASSENGERS",BHUJ,2016,APRIL,14970,,,AUTO-ADDED
1634,"DOMESTIC PASSENGERS",JUHU,2016,APRIL,14160,,,AUTO-ADDED
1635,"DOMESTIC PASSENGERS",JABALPUR,2016,APRIL,12250,,,AUTO-ADDED
1636,"DOMESTIC PASSENGERS",DIMAPUR,2016,APRIL,9802,,,AUTO-ADDED
1637,"DOMESTIC PASSENGERS",GUGGAL,2016,APRIL,10191,,,AUTO-ADDED
1638,"DOMESTIC PASSENGERS",TUTICORIN,2016,APRIL,8354,,,AUTO-ADDED
1639,"DOMESTIC PASSENGERS",BELGAUM,2016,APRIL,8113,,,AUTO-ADDED
1640,"DOMESTIC PASSENGERS",JAMNAGAR,2016,APRIL,8342,,,AUTO-ADDED
1641,"DOMESTIC PASSENGERS",KHAJURAHO,2016,APRIL,5088,,,AUTO-ADDED
1642,"DOMESTIC PASSENGERS",JORHAT,2016,APRIL,4112,,,AUTO-ADDED
1643,"DOMESTIC PASSENGERS",GORKHPUR,2016,APRIL,3102,,,AUTO-ADDED
1644,"DOMESTIC PASSENGERS",ALLAHABAD,2016,APRIL,3448,,,AUTO-ADDED
1645,"DOMESTIC PASSENGERS",AGATTI,2016,APRIL,2524,,,AUTO-ADDED
1646,"DOMESTIC PASSENGERS",HUBLI,2016,APRIL,4419,,,AUTO-ADDED
1647,"DOMESTIC PASSENGERS",BHUNTAR,2016,APRIL,2759,,,AUTO-ADDED
1648,"DOMESTIC PASSENGERS",BHAVNAGAR,2016,APRIL,589,,,AUTO-ADDED
1649,"DOMESTIC PASSENGERS",DIU,2016,APRIL,1687,,,AUTO-ADDED
1650,"DOMESTIC PASSENGERS",GWALIOR,2016,APRIL,1468,,,AUTO-ADDED
1651,"DOMESTIC PASSENGERS",BARAPANI,2016,APRIL,1005,,,AUTO-ADDED
1652,"DOMESTIC PASSENGERS",PANTNAGAR,2016,APRIL,1100,,,AUTO-ADDED
1653,"DOMESTIC PASSENGERS",LAKHIMPUR,2016,APRIL,708,,,AUTO-ADDED
1654,"DOMESTIC PASSENGERS",AGRA,2016,APRIL,1021,,,AUTO-ADDED
1655,"DOMESTIC PASSENGERS",TEZPUR,2016,APRIL,470,,,AUTO-ADDED
1656,"DOMESTIC PASSENGERS",BHATINDA,2016,APRIL,0,,,AUTO-ADDED
1657,"DOMESTIC PASSENGERS",PORBANDAR,2016,APRIL,0,,,AUTO-ADDED
1658,"DOMESTIC PASSENGERS",KANPUR,2016,APRIL,21,,,AUTO-ADDED
1659,"DOMESTIC PASSENGERS",CUDDAPAH,2016,APRIL,481,,,AUTO-ADDED
1660,"DOMESTIC PASSENGERS",BIKANER,2016,APRIL,0,,,AUTO-ADDED
1661,"DOMESTIC PASSENGERS",JAISALMER,2016,APRIL,0,,,AUTO-ADDED
1662,"DOMESTIC PASSENGERS",LUDHIANA,2016,APRIL,10,,,AUTO-ADDED
1663,"DOMESTIC PASSENGERS",KOLHAPUR,2016,APRIL,0,,,AUTO-ADDED
1664,"DOMESTIC PASSENGERS",SHIMLA,2016,APRIL,0,,,AUTO-ADDED
1665,"DOMESTIC PASSENGERS",LENGPUI,2016,APRIL,15677,,,AUTO-ADDED
1666,"DOMESTIC PASSENGERS",DURGAPUR,2016,APRIL,1787,,,AUTO-ADDED
1667,"DOMESTIC PASSENGERS",NANDED,2016,APRIL,0,,,AUTO-ADDED
1668,"DOMESTIC PASSENGERS",MUNDRA,2016,APRIL,0,,,AUTO-ADDED
23,"DOMESTIC PASSENGERS",CHENNAI,2016,APRIL,989577,MAA,VOMM,"18 INTERNATIONAL AIRPORTS"
24,"DOMESTIC PASSENGERS",KOLKATA,2016,APRIL,951526,CCU,VECC,"18 INTERNATIONAL AIRPORTS"
25,"DOMESTIC PASSENGERS",AHMEDABAD,2016,APRIL,420794,AMD,VAAH,"18 INTERNATIONAL AIRPORTS"
26,"DOMESTIC PASSENGERS",GOA,2016,APRIL,423238,GOI,VOGO,"18 INTERNATIONAL AIRPORTS"
27,"DOMESTIC PASSENGERS",LUCKNOW,2016,APRIL,238172,LKO,VILK,"18 INTERNATIONAL AIRPORTS"
28,"DOMESTIC PASSENGERS",TRIVANDRUM,2016,APRIL,122266,TRV,VOTV,"18 INTERNATIONAL AIRPORTS"
29,"DOMESTIC PASSENGERS",GUWAHATI,2016,APRIL,257877,GAU,VEGT,"18 INTERNATIONAL AIRPORTS"
30,"DOMESTIC PASSENGERS",JAIPUR,2016,APRIL,246699,JAI,VIJP,"18 INTERNATIONAL AIRPORTS"
31,"DOMESTIC PASSENGERS",CALICUT,2016,APRIL,34029,CCJ,VOCL,"18 INTERNATIONAL AIRPORTS"
32,"DOMESTIC PASSENGERS",BHUBANESWAR,2016,APRIL,161521,BBI,VEBS,"18 INTERNATIONAL AIRPORTS"
33,"DOMESTIC PASSENGERS",COIMBATORE,2016,APRIL,142251,CJB,VOCB,"18 INTERNATIONAL AIRPORTS"
34,"DOMESTIC PASSENGERS",SRINAGAR,2016,APRIL,237565,SXR,VISR,"18 INTERNATIONAL AIRPORTS"
35,"DOMESTIC PASSENGERS",VARANASI,2016,APRIL,143011,VNS,VIBN,"18 INTERNATIONAL AIRPORTS"
36,"DOMESTIC PASSENGERS",MANGALORE,2016,APRIL,116629,IXE,VOML,"18 INTERNATIONAL AIRPORTS"
37,"DOMESTIC PASSENGERS",AMRITSAR,2016,APRIL,84005,ATQ,VIAR,"18 INTERNATIONAL AIRPORTS"
38,"DOMESTIC PASSENGERS",TRICHY,2016,APRIL,12474,TRZ,VOTR,"18 INTERNATIONAL AIRPORTS"
39,"DOMESTIC PASSENGERS",PORTBLAIR,2016,APRIL,93885,IXZ,VOPB,"18 INTERNATIONAL AIRPORTS"
40,"DOMESTIC PASSENGERS",IMPHAL,2016,APRIL,70453,IMF,VEIM,"18 INTERNATIONAL AIRPORTS"
41,"DOMESTIC PASSENGERS","DELHI (DIAL)",2016,APRIL,3271591,DEL,VIDP,"6 JV INTERNATIONAL AIRPORTS"
42,"DOMESTIC PASSENGERS","MUMBAI (MIAL)",2016,APRIL,2653397,BOM,VABB,"6 JV INTERNATIONAL AIRPORTS"
43,"DOMESTIC PASSENGERS",AURANGABAD,2016,APRIL,25502,IXU,VAAU,"8 CUSTOM AIRPORTS"
44,"DOMESTIC PASSENGERS",GAYA,2016,APRIL,5587,GAY,VEGY,"8 CUSTOM AIRPORTS"
2608,"INTERNATIONAL PASSENGERS","(D) 48 DOMESTIC AIRPORTS",2016,APRIL,232,,,AUTO-ADDED
2609,"INTERNATIONAL PASSENGERS","(E) STATE GOVT. / PVT AIRPORTS",2016,APRIL,0,,,AUTO-ADDED
2610,"INTERNATIONAL PASSENGERS","(F) OTHER AIRPORTS",2016,APRIL,0,,,AUTO-ADDED
